'71549';48.933300;9.500000
'71554';48.916698;9.483330
'71560';49.004700;9.505830
'71563';48.916698;9.316670
'71566';48.916698;9.566670
'71570';48.983299;9.450000
'71573';48.900002;9.466670
'71576';48.933300;9.366670
'71577';49.049999;9.516670
'71579';49.040798;9.444440
'71634';48.900002;9.183330
'71636';48.900002;9.183330
'71638';48.900002;9.183330
'71640';48.900002;9.183330
'71642';48.900002;9.183330
'71665';48.933300;8.966670
'71672';48.933300;9.250000
'71679';48.900002;9.116670
'71686';48.866699;9.283330
'71691';48.933300;9.200000
'71696';48.883301;9.133330
'71701';48.883301;9.066670
'71706';48.900002;9.066670
'71711';48.966702;9.266670
'71717';49.039398;9.315000
'71720';49.026100;9.320830
'71723';49.002499;9.292500
'71726';48.950001;9.250000
'71729';48.933300;9.300000
'71732';48.916698;9.116670
'71735';48.883301;8.966670
'71737';48.950001;9.333330
'71739';48.933300;9.033330
'72070';48.533298;9.050000
'72072';48.533298;9.050000
'72074';48.533298;9.050000
'72076';48.533298;9.050000
'72108';48.466702;8.933330
'72116';48.400002;9.066670
'72119';48.549999;8.966670
'72124';48.549999;9.216670
'72127';48.516701;9.116670
'72131';48.416698;9.033330
'72135';48.616699;9.100000
'72138';48.533298;9.150000
'72141';48.583302;9.183330
'72144';48.450001;9.050000
'72145';48.416698;8.883330
'72147';48.433300;9.066670
'72149';48.483299;8.883330
'72160';48.433300;8.683330
'72172';48.366699;8.650000
'72175';48.349998;8.500000
'72178';48.500000;8.566670
'72181';48.433300;8.816670
'72184';48.483299;8.750000
'72186';48.400002;8.716670
'72189';48.333302;8.666670
'72202';48.549999;8.716670
'72213';48.583302;8.600000
'72218';48.633301;8.750000
'72221';48.533298;8.650000
'72224';48.583302;8.683330
'72226';48.616699;8.516670
'72227';48.566700;8.616670
'72229';48.566700;8.700000
'72250';48.466702;8.416670
'72270';48.500000;8.383330
'72275';48.333302;8.416670
'72280';48.450001;8.500000
'72285';48.516701;8.566670
'72290';48.400002;8.450000
'72291';48.366699;8.483330
'72293';48.433300;8.516670
'72294';48.583302;8.550000
'72296';48.450001;8.550000
'72297';48.583302;8.466670
'72299';48.566700;8.566670
'72336';48.283298;8.850000
'72348';48.283298;8.716670
'72351';48.283298;8.816670
'72355';48.216702;8.750000
'72356';48.233299;8.750000
'72358';48.233299;8.766670
'72359';48.233299;8.800000
'72361';48.200001;8.833330
'72362';48.133301;8.866670
'72364';48.150002;8.866670
'72365';48.200001;8.800000
'72367';48.183300;8.766670
'72369';48.216702;8.716670
'72379';48.349998;8.983330
'72393';48.283298;9.116670
'72401';48.366699;8.800000
'72406';48.316700;8.916670
'72411';48.400002;8.966670
'72414';48.383301;8.883330
'72415';48.333302;8.883330
'72417';48.333302;9.050000
'72419';48.233299;9.183330
'72458';48.216702;9.016670
'72459';48.216702;9.016670
'72461';48.216702;9.016670
'72469';48.183300;8.966670
'72474';48.183300;9.116670
'72475';48.233299;9.100000
'72477';48.099998;9.000000
'72479';48.166698;9.100000
'72488';48.083302;9.216670
'72501';48.250000;9.216670
'72505';48.033298;9.250000
'72510';48.116699;9.083330
'72511';48.116699;9.266670
'72513';48.216702;9.233330
'72514';48.066700;9.183330
'72516';48.066700;9.283330
'72517';48.066700;9.266670
'72519';48.183300;9.216670
'72525';48.416698;9.500000
'72531';48.333302;9.300000
'72532';48.400002;9.400000
'72534';48.266701;9.483330
'72535';48.450001;9.666670
'72537';48.383301;9.566670
'72539';48.283298;9.366670
'72555';48.533298;9.266670
'72574';48.500000;9.400000
'72581';48.533298;9.350000
'72582';48.524700;9.462320
'72584';48.516701;9.400000
'72585';48.560902;9.268680
'72587';48.496201;9.514820
'72589';48.516102;9.624870
'72622';48.633301;9.350000
'72631';48.633301;9.266670
'72636';48.599998;9.366670
'72639';48.549999;9.366670
'72644';48.650002;9.366670
'72649';48.650002;9.283330
'72654';48.599998;9.233330
'72655';48.583302;9.266670
'72657';48.583302;9.216670
'72658';48.566700;9.266670
'72660';48.566700;9.400000
'72661';48.566700;9.300000
'72663';48.599998;9.300000
'72664';48.566700;9.333330
'72666';48.616699;9.266670
'72667';48.599998;9.216670
'72669';48.666698;9.366670
'72760';48.483299;9.216670
'72762';48.483299;9.216670
'72764';48.483299;9.216670
'72766';48.483299;9.216670
'72768';48.483299;9.216670
'72770';48.483299;9.216670
'72793';48.450001;9.233330
'72800';48.483299;9.250000
'72805';48.416698;9.250000
'72810';48.450001;9.116670
'72813';48.483299;9.316670
'72818';48.299999;9.250000
'72820';48.383301;9.183330
'72827';48.516701;9.150000
'72829';48.383301;9.283330
'73033';48.700001;9.666670
'73035';48.700001;9.666670
'73037';48.700001;9.666670
'73054';48.700001;9.700000
'73061';48.716702;9.533330
'73066';48.700001;9.583330
'73072';48.683300;9.816670
'73079';48.683300;9.766670
'73084';48.683300;9.733330
'73087';48.650002;9.600000
'73092';48.666698;9.650000
'73095';48.683300;9.566670
'73098';48.733299;9.633330
'73099';48.766701;9.600000
'73101';48.633301;9.566670
'73102';48.750000;9.666670
'73104';48.750000;9.633330
'73105';48.633301;9.633330
'73107';48.650002;9.666670
'73108';48.633301;9.650000
'73110';48.666698;9.566670
'73111';48.700001;9.883330
'73113';48.733299;9.750000
'73114';48.650002;9.700000
'73116';48.766701;9.683330
'73117';48.716702;9.600000
'73119';48.650002;9.566670
'73207';48.716702;9.416670
'73230';48.650002;9.450000
'73235';48.616699;9.533330
'73240';48.683300;9.383330
'73249';48.700001;9.416670
'73252';48.549999;9.466670
'73257';48.683300;9.366670
'73262';48.716702;9.466670
'73265';48.616699;9.450000
'73266';48.599998;9.500000
'73268';48.549999;9.433330
'73269';48.700001;9.466670
'73271';48.633301;9.516670
'73272';48.583302;9.566670
'73274';48.666698;9.450000
'73275';48.650002;9.516670
'73277';48.583302;9.450000
'73278';48.666698;9.516670
'73312';48.602100;9.796690
'73326';48.599998;9.716670
'73329';48.633301;9.800000
'73333';48.650002;9.783330
'73337';48.599998;9.800000
'73340';48.566700;9.883330
'73342';48.583302;9.700000
'73344';48.599998;9.650000
'73345';48.549999;9.683330
'73347';48.566700;9.650000
'73349';48.549999;9.633330
'73430';48.833302;10.100000
'73431';48.833302;10.100000
'73432';48.833302;10.100000
'73433';48.833302;10.100000
'73434';48.833302;10.100000
'73441';48.849998;10.350000
'73447';48.783298;10.100000
'73450';48.750000;10.350000
'73453';48.883301;10.000000
'73457';48.799999;10.033300
'73460';48.900002;10.100000
'73463';48.883301;10.183300
'73466';48.866699;10.250000
'73467';48.883301;10.400000
'73469';48.849998;10.433300
'73479';48.966702;10.133300
'73485';48.933300;10.366700
'73486';48.950001;10.016700
'73488';49.016701;10.216700
'73489';49.033298;10.100000
'73491';48.933300;10.066700
'73492';48.933300;10.150000
'73494';49.016701;10.016700
'73495';49.000000;10.300000
'73497';48.966702;10.350000
'73499';49.033298;10.266700
'73525';48.799999;9.783330
'73527';48.799999;9.783330
'73529';48.799999;9.783330
'73540';48.783298;9.933330
'73547';48.799999;9.683330
'73550';48.766701;9.816670
'73553';48.849998;9.716670
'73557';48.816700;9.800000
'73560';48.816700;9.916670
'73563';48.816700;9.966670
'73565';48.883301;9.766670
'73566';48.750000;9.983330
'73568';48.849998;9.800000
'73569';48.883301;9.866670
'73571';48.866699;9.883330
'73572';48.849998;9.950000
'73574';48.833302;9.883330
'73575';48.849998;9.883330
'73577';48.883301;9.816670
'73579';48.866699;9.916670
'73614';48.799999;9.533330
'73630';48.816700;9.416670
'73635';48.883301;9.533330
'73642';48.883301;9.650000
'73650';48.799999;9.483330
'73655';48.799999;9.600000
'73660';48.816700;9.583330
'73663';48.866699;9.466670
'73666';48.733299;9.450000
'73667';48.933300;9.650000
'73669';48.750000;9.483330
'73728';48.750000;9.300000
'73730';48.750000;9.300000
'73732';48.750000;9.300000
'73733';48.750000;9.300000
'73734';48.750000;9.300000
'73760';48.716702;9.266670
'73765';48.683300;9.283330
'73770';48.683300;9.316670
'73773';48.766701;9.383330
'73776';48.733299;9.383330
'73779';48.716702;9.383330
'74072';49.140301;9.220000
'74074';49.140301;9.220000
'74076';49.140301;9.220000
'74078';49.140301;9.220000
'74080';49.140301;9.220000
'74081';49.140301;9.220000
'74172';49.192799;9.226110
'74177';49.229198;9.206940
'74182';49.131100;9.404440
'74189';49.150299;9.288330
'74193';49.143902;9.055000
'74196';49.235298;9.330280
'74199';49.091400;9.273890
'74206';49.227200;9.159720
'74211';49.146400;9.116940
'74214';49.350399;9.543670
'74219';49.325001;9.357780
'74223';49.103100;9.210830
'74226';49.108601;9.127780
'74229';49.240299;9.253330
'74232';49.071098;9.292780
'74235';49.172501;9.268330
'74238';49.386398;9.633890
'74239';49.258598;9.389350
'74243';49.216900;9.404910
'74245';49.099400;9.381390
'74246';49.180302;9.321110
'74248';49.146702;9.321940
'74249';49.310600;9.468330
'74251';49.131100;9.327220
'74252';49.177799;9.043330
'74254';49.245800;9.160560
'74255';49.364700;9.340000
'74257';49.211102;9.201940
'74259';49.319401;9.421940
'74321';48.966702;9.133330
'74336';49.079700;9.065000
'74343';48.950001;9.066670
'74348';49.074402;9.146940
'74354';48.983299;9.133330
'74357';49.040600;9.092780
'74360';49.056900;9.244440
'74363';49.069698;8.994440
'74366';49.044998;9.142220
'74369';49.003601;9.106390
'74372';48.966702;9.016670
'74374';49.056099;8.926940
'74376';49.028301;9.155560
'74379';48.966702;9.191670
'74382';49.046902;9.190000
'74385';48.966702;9.200000
'74388';49.083302;9.193060
'74389';49.044998;9.036940
'74391';49.022499;9.097220
'74392';49.009701;9.059170
'74394';48.983299;9.200000
'74395';49.000801;9.207780
'74397';49.064400;8.976390
'74399';49.014198;9.151110
'74405';49.003899;9.771110
'74417';48.933300;9.733330
'74420';49.014400;9.667220
'74423';49.056702;9.899170
'74424';49.041698;9.908610
'74426';49.003300;9.920560
'74427';48.983299;9.716670
'74429';48.966702;9.850000
'74523';49.105801;9.734170
'74532';49.169998;9.918890
'74535';49.076099;9.556390
'74538';49.083302;9.700000
'74541';49.086102;9.880560
'74542';49.199200;9.790560
'74544';49.070301;9.762500
'74545';49.097500;9.678610
'74547';49.150002;9.733330
'74549';49.167500;9.844720
'74564';49.150002;10.083300
'74572';49.297798;9.973890
'74575';49.345299;9.979440
'74579';49.066700;10.216700
'74582';49.251099;9.921390
'74585';49.250000;10.016700
'74586';49.083302;9.983330
'74589';49.166698;10.083300
'74592';49.201401;9.981390
'74594';49.133301;10.183300
'74595';49.254398;9.845830
'74597';49.066700;10.083300
'74599';49.216702;10.066700
'74613';49.201698;9.503890
'74626';49.179401;9.438330
'74629';49.178101;9.505000
'74632';49.205799;9.579170
'74635';49.227798;9.690000
'74638';49.187500;9.642220
'74639';49.256401;9.518060
'74653';49.300598;9.655000
'74670';49.288300;9.562780
'74673';49.340302;9.800830
'74676';49.291401;9.621670
'74677';49.384201;9.708330
'74679';49.299999;9.600000
'74706';49.430599;9.423890
'74722';49.523899;9.323060
'74731';49.583302;9.366670
'74736';49.611900;9.471940
'74740';49.403599;9.393330
'74743';49.442200;9.334170
'74744';49.508301;9.526940
'74746';49.602501;9.428610
'74747';49.393902;9.532500
'74749';49.455799;9.473060
'74821';49.353901;9.142780
'74831';49.284401;9.161940
'74834';49.389702;9.210560
'74838';49.461899;9.211110
'74842';49.348598;9.253890
'74847';49.351898;9.090830
'74850';49.400002;9.283330
'74855';49.299999;9.150000
'74858';49.356899;8.986940
'74861';49.293598;9.270280
'74862';49.368301;9.058060
'74864';49.431400;9.150560
'74865';49.319199;9.132780
'74867';49.386902;9.010560
'74869';49.376701;8.988890
'74889';49.255299;8.877220
'74906';49.240601;9.102500
'74909';49.321701;8.819440
'74912';49.205002;8.991670
'74915';49.298100;8.919170
'74918';49.222500;8.780000
'74921';49.310001;9.000000
'74924';49.295300;8.963330
'74925';49.339199;8.907780
'74927';49.319401;8.865280
'74928';49.291901;9.081670
'74930';49.190800;8.930830
'74931';49.366402;8.891670
'74933';49.316700;8.884720
'74934';49.355000;8.945280
'74936';49.269699;9.089720
'74937';49.346401;8.883330
'74939';49.296398;8.826670
'75015';49.039200;8.702780
'75031';49.136902;8.910280
'75038';49.065601;8.803060
'75045';49.025700;8.586110
'75050';49.156399;8.981940
'75053';49.059200;8.658330
'75056';49.104698;8.855830
'75057';49.077499;8.845560
'75059';49.106701;8.812780
'75172';48.883301;8.700000
'75173';48.883301;8.700000
'75175';48.883301;8.700000
'75177';48.883301;8.700000
'75179';48.883301;8.700000
'75180';48.883301;8.700000
'75181';48.883301;8.700000
'75196';48.950001;8.583330
'75203';48.966702;8.616670
'75210';48.900002;8.583330
'75217';48.866699;8.633330
'75223';48.916698;8.783330
'75228';48.916698;8.666670
'75233';48.833302;8.800000
'75236';48.950001;8.616670
'75239';48.950001;8.666670
'75242';48.799999;8.783330
'75245';48.966702;8.700000
'75248';48.966702;8.750000
'75249';48.933300;8.750000
'75305';48.833302;8.583330
'75323';48.750000;8.550000
'75328';48.783298;8.650000
'75331';48.833302;8.650000
'75334';48.849998;8.533330
'75335';48.799999;8.500000
'75337';48.666698;8.483330
'75339';48.799999;8.583330
'75365';48.716702;8.733330
'75378';48.766701;8.733330
'75382';48.733299;8.816670
'75385';48.700001;8.683330
'75387';48.650002;8.700000
'75389';48.666698;8.600000
'75391';48.700001;8.833330
'75392';48.650002;8.816670
'75394';48.733299;8.666670
'75395';48.716702;8.850000
'75397';48.750000;8.800000
'75399';48.833302;8.716670
'75417';48.950001;8.833330
'75428';48.950001;8.916670
'75433';49.000801;8.807780
'75438';49.027500;8.753890
'75443';48.966702;8.800000
'75446';48.883301;8.850000
'75447';49.051399;8.850830
'75449';48.866699;8.816670
'76131';49.004700;8.385830
'76133';49.004700;8.385830
'76135';49.004700;8.385830
'76137';49.004700;8.385830
'76139';49.004700;8.385830
'76149';49.004700;8.385830
'76185';49.004700;8.385830
'76187';49.004700;8.385830
'76189';49.004700;8.385830
'76199';49.004700;8.385830
'76227';49.004700;8.385830
'76228';49.004700;8.385830
'76229';49.004700;8.385830
'76275';48.950001;8.400000
'76287';48.972198;8.294440
'76297';49.096699;8.489580
'76307';48.916698;8.500000
'76316';48.883301;8.333330
'76327';48.983299;8.550000
'76332';48.799999;8.433330
'76337';48.916698;8.483330
'76344';49.095299;8.390560
'76351';49.135700;8.405690
'76356';49.056099;8.524720
'76359';48.866699;8.450000
'76437';48.849998;8.200000
'76448';48.933300;8.266670
'76456';48.833302;8.250000
'76461';48.866699;8.283330
'76467';48.916698;8.250000
'76470';48.883301;8.233330
'76473';48.799999;8.133330
'76474';48.950001;8.233330
'76476';48.833302;8.283330
'76477';48.933300;8.216670
'76479';48.900002;8.183330
'76530';48.750000;8.250000
'76532';48.750000;8.250000
'76534';48.750000;8.250000
'76547';48.766701;8.166670
'76549';48.799999;8.116670
'76571';48.799999;8.333330
'76593';48.766701;8.333330
'76596';48.683300;8.350000
'76597';48.766701;8.383330
'76599';48.724998;8.350000
'76646';49.128101;8.583610
'76661';49.235802;8.456390
'76669';49.206902;8.643610
'76676';49.170300;8.487780
'76684';49.220001;8.712220
'76689';49.135101;8.530830
'76694';49.158600;8.580830
'76698';49.170799;8.618890
'76703';49.130299;8.743650
'76706';49.171700;8.424170
'76707';49.189999;8.540560
'76709';49.222500;8.631110
'76726';49.223099;8.363890
'76744';49.064999;8.077220
'76751';49.098900;8.267780
'76756';49.198299;8.279440
'76761';49.162800;8.285830
'76764';49.118099;8.278060
'76767';49.026100;8.237500
'76768';48.983299;8.200000
'76770';49.111099;8.245280
'76771';49.165798;8.326390
'76773';49.145802;8.314440
'76774';49.133301;8.350000
'76776';48.983299;8.250000
'76777';49.117802;8.319440
'76779';48.983299;8.133330
'76829';49.207500;8.113330
'76831';49.136700;8.090560
'76833';49.236900;8.093330
'76835';49.247799;8.078330
'76846';49.183300;7.850000
'76848';49.150002;7.883330
'76855';49.200001;7.966670
'76857';49.219200;8.030000
'76863';49.151699;8.205280
'76865';49.158100;8.147220
'76870';49.089199;8.184170
'76872';49.110802;8.186110
'76877';49.202202;8.181110
'76879';49.222500;8.163330
'76887';49.110001;7.990000
'76889';49.098900;8.069170
'76891';49.066700;7.866670
'77652';48.483299;7.933330
'77654';48.483299;7.933330
'77656';48.483299;7.933330
'77694';48.583302;7.816670
'77704';48.533298;8.083330
'77709';48.316700;8.216670
'77716';48.283298;8.116670
'77723';48.400002;8.016670
'77728';48.483299;8.166670
'77731';48.533298;7.883330
'77736';48.349998;8.066670
'77740';48.433300;8.216670
'77743';48.450001;7.825000
'77746';48.450001;7.883330
'77749';48.416698;7.916670
'77756';48.283298;8.166670
'77761';48.283298;8.350000
'77767';48.533298;7.983330
'77770';48.483299;8.016670
'77773';48.299999;8.366670
'77776';48.400002;8.333330
'77781';48.333302;8.033330
'77784';48.383301;8.133330
'77787';48.400002;8.083330
'77790';48.299999;8.050000
'77791';48.400002;7.983330
'77793';48.250000;8.216670
'77794';48.516701;8.100000
'77796';48.250000;8.116670
'77797';48.433300;8.000000
'77799';48.450001;7.966670
'77815';48.700001;8.150000
'77830';48.683300;8.183330
'77833';48.666698;8.100000
'77836';48.758301;8.050000
'77839';48.733299;8.016670
'77855';48.633301;8.066670
'77866';48.666698;7.933330
'77871';48.583302;8.016670
'77876';48.599998;8.116670
'77880';48.650002;8.083330
'77883';48.566700;8.150000
'77886';48.650002;8.133330
'77887';48.616699;8.133330
'77889';48.566700;8.175000
'77933';48.349998;7.866670
'77948';48.366699;7.883330
'77955';48.250000;7.816670
'77960';48.316700;7.950000
'77963';48.349998;7.766670
'77966';48.283298;7.750000
'77971';48.299999;7.833330
'77972';48.283298;7.816670
'77974';48.400002;7.766670
'77975';48.250000;7.783330
'77977';48.266701;7.733330
'77978';48.233299;7.950000
'78048';48.066700;8.450000
'78050';48.066700;8.450000
'78052';48.066700;8.450000
'78054';48.066700;8.450000
'78056';48.066700;8.450000
'78073';48.016701;8.533330
'78078';48.133301;8.533330
'78083';48.083302;8.550000
'78086';48.016701;8.466670
'78087';48.099998;8.433330
'78089';48.083302;8.366670
'78098';48.133301;8.233330
'78112';48.133301;8.333330
'78120';48.049999;8.200000
'78126';48.133301;8.416670
'78132';48.216702;8.233330
'78136';48.150002;8.200000
'78141';48.099998;8.200000
'78144';48.183300;8.350000
'78147';48.049999;8.300000
'78148';48.049999;8.150000
'78166';47.950001;8.500000
'78176';47.833302;8.533330
'78183';47.916698;8.483330
'78187';47.916698;8.633330
'78194';47.933300;8.733330
'78199';47.933300;8.450000
'78224';47.766701;8.833330
'78234';47.849998;8.766670
'78239';47.733299;8.833330
'78244';47.733299;8.783330
'78247';47.766701;8.783330
'78250';47.816700;8.666670
'78253';47.866699;8.900000
'78256';47.799999;8.933330
'78259';47.816700;8.816670
'78262';47.700001;8.750000
'78266';47.700001;8.683330
'78267';47.851101;8.850000
'78269';47.816700;8.866670
'78315';47.733299;8.966670
'78333';47.849998;9.016670
'78337';47.666698;8.900000
'78343';47.683300;8.983330
'78345';47.733299;8.933330
'78351';47.816700;9.066670
'78354';47.799999;9.100000
'78355';47.883301;9.116670
'78357';47.916698;9.016670
'78359';47.833302;8.941670
'78462';47.666698;9.183330
'78464';47.666698;9.183330
'78465';47.666698;9.183330
'78467';47.666698;9.183330
'78476';47.716702;9.066670
'78479';47.700001;9.066670
'78532';47.983299;8.816670
'78549';48.083302;8.716670
'78554';48.099998;8.700000
'78559';48.133301;8.750000
'78564';48.133301;8.850000
'78567';48.016701;8.933330
'78570';48.033298;8.883330
'78573';48.000000;8.783330
'78576';47.933300;8.883330
'78579';47.966702;8.933330
'78580';48.066700;8.933330
'78582';48.066700;8.766670
'78583';48.099998;8.800000
'78585';48.116699;8.833330
'78586';48.183300;8.783330
'78588';48.099998;8.733330
'78589';48.049999;8.783330
'78591';48.033298;8.683330
'78592';48.116699;8.866670
'78594';48.049999;8.700000
'78595';48.049999;8.716670
'78597';48.066700;8.966670
'78598';48.099998;8.866670
'78600';48.049999;8.883330
'78601';48.066700;8.833330
'78603';48.083302;8.900000
'78604';48.016701;8.766670
'78606';48.016701;8.716670
'78607';48.016701;8.666670
'78609';48.033298;8.600000
'78628';48.166698;8.616670
'78647';48.066700;8.650000
'78652';48.116699;8.600000
'78655';48.216702;8.500000
'78658';48.166698;8.583330
'78661';48.200001;8.650000
'78662';48.233299;8.550000
'78664';48.250000;8.466670
'78665';48.133301;8.716670
'78667';48.200001;8.583330
'78669';48.133301;8.700000
'78713';48.233299;8.383330
'78727';48.283298;8.566670
'78730';48.233299;8.350000
'78733';48.266701;8.416670
'78736';48.250000;8.600000
'78737';48.291698;8.491670
'78739';48.183300;8.416670
'79098';48.000000;7.850000
'79100';48.000000;7.850000
'79102';48.000000;7.850000
'79104';48.000000;7.850000
'79106';48.000000;7.850000
'79108';48.000000;7.850000
'79110';48.000000;7.850000
'79111';48.000000;7.850000
'79112';48.000000;7.850000
'79114';48.000000;7.850000
'79115';48.000000;7.850000
'79117';48.000000;7.850000
'79183';48.099998;7.966670
'79189';47.916698;7.700000
'79194';48.049999;7.866670
'79199';47.966702;7.950000
'79206';48.033298;7.583330
'79211';48.066700;7.883330
'79215';48.200001;8.033330
'79219';47.883301;7.733330
'79224';48.033298;7.766670
'79227';47.950001;7.750000
'79232';48.049999;7.783330
'79235';48.083302;7.633330
'79238';47.916698;7.750000
'79241';48.049999;7.650000
'79244';47.849998;7.783330
'79249';47.966702;7.833330
'79252';47.983299;7.966670
'79254';47.933300;7.950000
'79256';47.966702;8.016670
'79258';47.933300;7.633330
'79261';48.116699;7.983330
'79263';48.116699;8.050000
'79268';48.083302;7.716670
'79271';48.016701;8.033330
'79274';48.000000;8.100000
'79276';48.083302;7.816670
'79279';48.066700;7.850000
'79280';47.950001;7.833330
'79282';47.858299;7.691670
'79283';47.916698;7.783330
'79285';47.950001;7.783330
'79286';48.049999;7.933330
'79288';48.049999;7.733330
'79289';47.933300;7.866670
'79291';48.016701;7.683330
'79292';47.933300;7.750000
'79294';47.933300;7.816670
'79295';47.849998;7.716670
'79297';48.150002;8.050000
'79299';47.950001;7.816670
'79312';48.133301;7.850000
'79331';48.133301;7.816670
'79336';48.216702;7.783330
'79341';48.200001;7.766670
'79346';48.133301;7.700000
'79348';48.166698;7.916670
'79350';48.099998;7.916670
'79353';48.116699;7.733330
'79356';48.083302;7.733330
'79359';48.150002;7.750000
'79361';48.133301;7.616670
'79362';48.166698;7.700000
'79364';48.166698;7.800000
'79365';48.216702;7.716670
'79367';48.200001;7.683330
'79369';48.166698;7.650000
'79379';47.799999;7.633330
'79395';47.816700;7.566670
'79400';47.716702;7.666670
'79410';47.799999;7.683330
'79415';47.733299;7.566670
'79418';47.750000;7.583330
'79423';47.883301;7.666670
'79424';47.783298;7.600000
'79426';47.849998;7.633330
'79427';47.883301;7.650000
'79429';47.733299;7.708330
'79539';47.616699;7.666670
'79540';47.616699;7.666670
'79541';47.616699;7.666670
'79576';47.583302;7.633330
'79585';47.650002;7.733330
'79588';47.650002;7.566670
'79589';47.633301;7.616670
'79591';47.633301;7.600000
'79592';47.650002;7.600000
'79594';47.583302;7.700000
'79595';47.650002;7.650000
'79597';47.650002;7.633330
'79599';47.650002;7.650000
'79618';47.566700;7.800000
'79639';47.549999;7.683330
'79650';47.650002;7.816670
'79664';47.633301;7.900000
'79669';47.700001;7.850000
'79674';47.833302;7.950000
'79677';47.799999;7.900000
'79682';47.733299;8.000000
'79683';47.766701;7.833330
'79685';47.741699;7.908330
'79686';47.650002;7.900000
'79688';47.683300;7.850000
'79689';47.650002;7.783330
'79691';47.799999;7.816670
'79692';47.750000;7.833330
'79694';47.799999;7.916670
'79695';47.833302;7.883330
'79697';47.750000;7.766670
'79699';47.683300;7.800000
'79713';47.549999;7.950000
'79725';47.566700;8.050000
'79730';47.566700;8.033330
'79733';47.650002;8.083330
'79736';47.616699;7.983330
'79737';47.666698;8.000000
'79739';47.599998;7.883330
'79761';47.616699;8.216670
'79771';47.650002;8.400000
'79774';47.599998;8.133330
'79777';47.716702;8.316670
'79780';47.733299;8.433330
'79787';47.616699;8.300000
'79790';47.599998;8.320000
'79793';47.666698;8.366670
'79798';47.650002;8.566670
'79801';47.566700;8.433330
'79802';47.616699;8.483330
'79804';47.616699;8.166670
'79805';47.700001;8.400000
'79807';47.633301;8.566670
'79809';47.666698;8.233330
'79822';47.900002;8.166670
'79837';47.750000;8.166670
'79843';47.883301;8.350000
'79848';47.816700;8.350000
'79853';47.866699;8.216670
'79856';47.900002;8.100000
'79859';47.816700;8.183330
'79862';47.733299;8.166670
'79865';47.766701;8.266670
'79868';47.866699;8.066670
'79871';47.966702;8.266670
'79872';47.799999;8.033330
'79874';47.933300;8.083330
'79875';47.700001;8.100000
'79877';47.916698;8.250000
'79879';47.833302;8.433330
'80331';48.150002;11.583300
'80333';48.150002;11.583300
'80335';48.150002;11.583300
'80336';48.150002;11.583300
'80337';48.150002;11.583300
'80339';48.150002;11.583300
'80469';48.150002;11.583300
'80538';48.150002;11.583300
'80539';48.150002;11.583300
'80634';48.150002;11.583300
'80636';48.150002;11.583300
'80637';48.150002;11.583300
'80638';48.150002;11.583300
'80639';48.150002;11.583300
'80686';48.150002;11.583300
'80687';48.150002;11.583300
'80689';48.150002;11.583300
'80796';48.150002;11.583300
'80797';48.150002;11.583300
'80798';48.150002;11.583300
'80799';48.150002;11.583300
'80801';48.150002;11.583300
'80802';48.150002;11.583300
'80803';48.150002;11.583300
'80804';48.150002;11.583300
'80805';48.150002;11.583300
'80807';48.150002;11.583300
'80809';48.150002;11.583300
'80933';48.150002;11.583300
'80935';48.150002;11.583300
'80937';48.150002;11.583300
'80939';48.150002;11.583300
'80992';48.150002;11.583300
'80993';48.150002;11.583300
'80995';48.150002;11.583300
'80997';48.150002;11.583300
'80999';48.150002;11.583300
'81241';48.150002;11.583300
'81243';48.150002;11.583300
'81245';48.150002;11.583300
'81247';48.150002;11.583300
'81249';48.150002;11.583300
'81369';48.150002;11.583300
'81371';48.150002;11.583300
'81373';48.150002;11.583300
'81375';48.150002;11.583300
'81377';48.150002;11.583300
'81379';48.150002;11.583300
'81475';48.150002;11.583300
'81476';48.150002;11.583300
'81477';48.150002;11.583300
'81479';48.150002;11.583300
'81539';48.150002;11.583300
'81541';48.150002;11.583300
'81543';48.150002;11.583300
'81545';48.150002;11.583300
'81547';48.150002;11.583300
'81549';48.150002;11.583300
'81667';48.150002;11.583300
'81669';48.150002;11.583300
'81671';48.150002;11.583300
'81673';48.150002;11.583300
'81675';48.150002;11.583300
'81677';48.150002;11.583300
'81679';48.150002;11.583300
'81735';48.150002;11.583300
'81737';48.150002;11.583300
'81739';48.150002;11.583300
'81825';48.150002;11.583300
'81827';48.150002;11.583300
'81829';48.150002;11.583300
'81925';48.150002;11.583300
'81927';48.150002;11.583300
'81929';48.150002;11.583300
'82008';48.049999;11.633300
'82024';48.049999;11.616700
'82031';48.049999;11.516700
'82041';48.033298;11.600000
'82049';48.049999;11.533300
'82054';47.966702;11.650000
'82057';47.950001;11.433300
'82061';48.099998;11.466700
'82064';48.000000;11.516700
'82065';48.016701;11.483300
'82069';47.983299;11.466700
'82110';48.133301;11.366700
'82131';48.066700;11.366700
'82140';48.200001;11.333300
'82152';48.099998;11.400000
'82166';48.099998;11.450000
'82178';48.150002;11.350000
'82194';48.200001;11.366700
'82205';48.116699;11.300000
'82211';48.000000;11.183300
'82216';48.216702;11.266700
'82223';48.166698;11.316700
'82229';48.033298;11.200000
'82234';48.066700;11.250000
'82237';48.083302;11.200000
'82239';48.150002;11.300000
'82256';48.183300;11.250000
'82266';48.083302;11.150000
'82269';48.133301;11.033300
'82272';48.150002;11.083300
'82275';48.183300;11.283300
'82276';48.183300;11.116700
'82278';48.233299;11.066700
'82279';48.083302;11.116700
'82281';48.283298;11.166700
'82284';48.116699;11.166700
'82285';48.216702;11.116700
'82287';48.166698;11.133300
'82288';48.116699;11.133300
'82290';48.166698;11.166700
'82291';48.200001;11.150000
'82293';48.250000;11.100000
'82294';48.250000;11.166700
'82296';48.133301;11.200000
'82297';48.216702;11.000000
'82299';48.116699;11.083300
'82319';48.000000;11.350000
'82327';47.916698;11.283300
'82335';47.966702;11.350000
'82340';47.950001;11.300000
'82343';47.966702;11.300000
'82346';47.983299;11.183300
'82347';47.866699;11.300000
'82362';47.833302;11.150000
'82377';47.750000;11.383300
'82383';47.799999;11.000000
'82386';47.766701;11.166700
'82387';47.750000;11.300000
'82389';47.750000;10.983300
'82390';47.791698;11.200000
'82392';47.733299;11.283300
'82393';47.766701;11.316700
'82395';47.733299;11.216700
'82396';47.900002;11.183300
'82398';47.816700;11.133300
'82399';47.916698;11.100000
'82401';47.733299;10.966700
'82402';47.833302;11.300000
'82404';47.716702;11.333300
'82405';47.883301;11.033300
'82407';47.866699;11.150000
'82409';47.700001;10.950000
'82418';47.683300;11.200000
'82431';47.666698;11.366700
'82433';47.666698;11.050000
'82435';47.683300;11.000000
'82436';47.733299;11.183300
'82438';47.599998;11.183300
'82439';47.683300;11.300000
'82441';47.633301;11.233300
'82442';47.666698;11.033300
'82444';47.650002;11.316700
'82445';47.616699;11.150000
'82447';47.716702;11.200000
'82449';47.716702;11.150000
'82467';47.500000;11.100000
'82481';47.433300;11.250000
'82487';47.599998;11.066700
'82488';47.566700;11.100000
'82490';47.533298;11.116700
'82491';47.483299;11.016700
'82494';47.500000;11.283300
'82496';47.549999;11.133300
'82497';47.616699;11.033300
'82499';47.516701;11.283300
'82515';47.916698;11.416700
'82538';47.866699;11.466700
'82541';47.900002;11.366700
'82544';47.916698;11.516700
'82547';47.866699;11.400000
'82549';47.816700;11.483300
'83022';47.849998;12.133300
'83024';47.849998;12.133300
'83026';47.849998;12.133300
'83043';47.866699;12.000000
'83052';47.883301;11.916700
'83059';47.849998;12.066700
'83064';47.783298;12.100000
'83071';47.849998;12.183300
'83075';47.783298;12.016700
'83080';47.666698;12.166700
'83083';47.833302;12.200000
'83088';47.616699;12.183300
'83093';47.900002;12.300000
'83098';47.733299;12.100000
'83101';47.799999;12.166700
'83104';47.933300;12.016700
'83109';47.900002;12.083300
'83112';47.799999;12.283300
'83115';47.766701;12.150000
'83119';48.000000;12.416700
'83122';47.783298;12.216700
'83123';48.000000;12.316700
'83125';47.933300;12.383300
'83126';47.716702;12.133300
'83128';47.950001;12.283300
'83129';47.950001;12.333300
'83131';47.733299;12.150000
'83132';47.983299;12.383300
'83134';47.900002;12.200000
'83135';47.933300;12.133300
'83137';47.983299;12.250000
'83139';47.933300;12.233300
'83209';47.866699;12.333300
'83224';47.783298;12.450000
'83229';47.766701;12.316700
'83233';47.816700;12.366700
'83236';47.816700;12.483300
'83242';47.683300;12.466700
'83246';47.733299;12.466700
'83250';47.766701;12.466700
'83253';47.883301;12.333300
'83254';47.883301;12.400000
'83256';47.866699;12.416700
'83257';47.883301;12.416700
'83259';47.716702;12.400000
'83278';47.883301;12.650000
'83301';47.966702;12.600000
'83308';48.033298;12.550000
'83313';47.833302;12.650000
'83317';47.849998;12.816700
'83324';47.766701;12.650000
'83329';47.933300;12.733300
'83334';47.766701;12.750000
'83339';47.900002;12.533300
'83342';48.083302;12.566700
'83346';47.816700;12.600000
'83349';48.000000;12.633300
'83352';48.000000;12.533300
'83355';47.849998;12.550000
'83358';47.966702;12.466700
'83361';48.049999;12.466700
'83362';47.866699;12.700000
'83365';47.900002;12.600000
'83367';47.916698;12.816700
'83370';47.966702;12.466700
'83373';47.966702;12.733300
'83377';47.849998;12.616700
'83395';47.849998;12.983300
'83404';47.816700;12.950000
'83410';47.950001;12.933300
'83413';48.000000;12.816700
'83416';47.875000;12.941700
'83417';47.950001;12.850000
'83435';47.733299;12.883300
'83451';47.766701;12.916700
'83454';47.799999;12.850000
'83457';47.716702;12.900000
'83458';47.683300;12.800000
'83471';47.633301;13.000000
'83483';47.650002;12.950000
'83486';47.616699;12.900000
'83487';47.700001;13.033300
'83512';48.066700;12.233300
'83527';48.166698;12.183300
'83530';48.066700;12.366700
'83533';48.066700;12.166700
'83536';48.150002;12.283300
'83539';48.116699;12.116700
'83543';47.983299;12.133300
'83547';48.083302;12.266700
'83549';48.049999;12.233300
'83550';48.000000;12.050000
'83553';48.031601;12.056000
'83556';48.000000;12.183300
'83558';48.150002;12.100000
'83561';48.016701;12.150000
'83562';48.116699;12.166700
'83564';48.116699;12.200000
'83567';48.116699;12.333300
'83569';47.950001;12.183300
'83607';47.883301;11.700000
'83620';47.900002;11.850000
'83623';47.849998;11.600000
'83624';47.916698;11.683300
'83626';47.900002;11.783300
'83627';47.833302;11.733300
'83629';47.866699;11.800000
'83646';47.766701;11.566700
'83661';47.683300;11.566700
'83666';47.766701;11.666700
'83670';47.750000;11.450000
'83671';47.700001;11.400000
'83673';47.716702;11.416700
'83674';47.750000;11.583300
'83676';47.599998;11.433300
'83677';47.766701;11.616700
'83679';47.799999;11.650000
'83684';47.716702;11.766700
'83700';47.700001;11.766700
'83703';47.750000;11.733300
'83707';47.716702;11.716700
'83708';47.650002;11.750000
'83714';47.783298;11.833300
'83727';47.733299;11.866700
'83730';47.716702;11.950000
'83734';47.750000;11.850000
'83735';47.666698;12.016700
'83737';47.833302;11.916700
'84028';48.533298;12.150000
'84030';48.583302;12.166700
'84032';48.566700;12.116700
'84034';48.533298;12.150000
'84036';48.500000;12.166700
'84048';48.650002;11.783300
'84051';48.616699;12.216700
'84056';48.700001;12.033300
'84061';48.683300;12.200000
'84066';48.766701;12.233300
'84069';48.833302;12.133300
'84072';48.549999;11.750000
'84076';48.666698;11.966700
'84079';48.533298;12.000000
'84082';48.799999;12.316700
'84085';48.816700;12.050000
'84088';48.733299;12.183300
'84089';48.700001;11.716700
'84091';48.650002;11.850000
'84092';48.700001;12.300000
'84094';48.700001;11.816700
'84095';48.599998;12.033300
'84097';48.799999;12.066700
'84098';48.666698;12.100000
'84100';48.599998;12.316700
'84101';48.616699;11.950000
'84103';48.650002;12.333300
'84104';48.599998;11.766700
'84106';48.599998;11.883300
'84107';48.599998;12.050000
'84109';48.616699;12.350000
'84130';48.633301;12.500000
'84137';48.450001;12.350000
'84140';48.433300;12.566700
'84144';48.466702;12.250000
'84149';48.366699;12.250000
'84152';48.716702;12.450000
'84155';48.383301;12.383300
'84160';48.549999;12.533300
'84163';48.549999;12.566700
'84164';48.683300;12.500000
'84166';48.549999;12.266700
'84168';48.533298;12.466700
'84169';48.450001;12.166700
'84171';48.416698;12.200000
'84172';48.450001;12.050000
'84174';48.500000;12.066700
'84175';48.516701;12.416700
'84177';48.650002;12.533300
'84178';48.533298;12.366700
'84180';48.616699;12.433300
'84181';48.400002;12.216700
'84183';48.616699;12.383300
'84184';48.500000;12.100000
'84186';48.450001;12.116700
'84187';48.666698;12.383300
'84189';48.349998;12.333300
'84307';48.400002;12.766700
'84323';48.400002;12.600000
'84326';48.466702;12.716700
'84329';48.349998;12.783300
'84332';48.400002;12.816700
'84333';48.533298;12.750000
'84335';48.349998;12.733300
'84337';48.483299;12.850000
'84339';48.383301;12.666700
'84347';48.433300;12.933300
'84359';48.266701;13.016700
'84364';48.450001;13.100000
'84367';48.316700;12.933300
'84371';48.400002;13.016700
'84375';48.250000;12.983300
'84378';48.500000;12.916700
'84381';48.533298;12.950000
'84384';48.333302;12.983300
'84385';48.533298;13.066700
'84387';48.250000;12.966700
'84389';48.416698;12.900000
'84405';48.266701;12.150000
'84416';48.349998;12.083300
'84419';48.266701;12.283300
'84424';48.216702;12.066700
'84427';48.216702;12.133300
'84428';48.316700;12.283300
'84431';48.250000;12.366700
'84432';48.383301;12.133300
'84434';48.400002;12.050000
'84435';48.266701;12.050000
'84437';48.200001;12.283300
'84439';48.383301;12.083300
'84453';48.250000;12.533300
'84478';48.216702;12.400000
'84489';48.166698;12.833300
'84494';48.316700;12.450000
'84503';48.233299;12.683300
'84508';48.166698;12.733300
'84513';48.283298;12.583300
'84518';48.133301;12.600000
'84524';48.233299;12.700000
'84529';48.066700;12.766700
'84533';48.216702;12.900000
'84539';48.266701;12.416700
'84543';48.266701;12.650000
'84544';48.200001;12.350000
'84546';48.400002;12.450000
'84547';48.200001;12.766700
'84549';48.116699;12.550000
'84552';48.333302;12.666700
'84555';48.166698;12.383300
'84556';48.200001;12.700000
'84558';48.083302;12.600000
'84559';48.183300;12.433300
'84561';48.183300;12.783300
'84562';48.266701;12.466700
'84564';48.299999;12.383300
'84565';48.183300;12.516700
'84567';48.299999;12.783300
'84568';48.299999;12.600000
'84570';48.216702;12.566700
'84571';48.283298;12.733300
'84573';48.333302;12.433300
'84574';48.150002;12.450000
'84576';48.233299;12.616700
'84577';48.216702;12.600000
'84579';48.166698;12.616700
'85049';48.766701;11.433300
'85051';48.766701;11.433300
'85053';48.766701;11.433300
'85055';48.766701;11.433300
'85057';48.766701;11.433300
'85072';48.883301;11.183300
'85077';48.716702;11.500000
'85080';48.816700;11.366700
'85084';48.666698;11.466700
'85088';48.766701;11.616700
'85092';48.816700;11.500000
'85095';48.933300;11.450000
'85098';48.766701;11.533300
'85101';48.799999;11.466700
'85104';48.816700;11.683300
'85107';48.666698;11.450000
'85110';48.950001;11.400000
'85111';48.833302;11.216700
'85113';48.866699;11.366700
'85114';48.799999;11.300000
'85116';48.783298;11.233300
'85117';48.816700;11.316700
'85119';48.733299;11.583300
'85120';48.816700;11.466700
'85122';48.849998;11.316700
'85123';48.683300;11.416700
'85125';49.000000;11.383300
'85126';48.766701;11.683300
'85128';48.799999;11.233300
'85129';48.833302;11.583300
'85131';48.950001;11.200000
'85132';48.900002;11.100000
'85134';48.849998;11.466700
'85135';49.000000;11.216700
'85137';48.916698;11.300000
'85139';48.833302;11.416700
'85221';48.266701;11.433300
'85229';48.366699;11.383300
'85232';48.250000;11.366700
'85235';48.316700;11.200000
'85238';48.400002;11.466700
'85241';48.299999;11.466700
'85244';48.333302;11.483300
'85247';48.299999;11.350000
'85250';48.383301;11.250000
'85253';48.333302;11.300000
'85254';48.283298;11.266700
'85256';48.366699;11.466700
'85258';48.383301;11.416700
'85276';48.500000;11.500000
'85283';48.599998;11.616700
'85290';48.683300;11.616700
'85296';48.616699;11.566700
'85298';48.500000;11.466700
'85301';48.500000;11.616700
'85302';48.500000;11.366700
'85304';48.483299;11.500000
'85305';48.433300;11.416700
'85307';48.483299;11.566700
'85309';48.616699;11.466700
'85354';48.400002;11.733300
'85356';48.400002;11.733300
'85368';48.466702;11.933300
'85375';48.316700;11.666700
'85386';48.299999;11.616700
'85391';48.433300;11.600000
'85395';48.500000;11.766700
'85399';48.333302;11.750000
'85402';48.400002;11.616700
'85405';48.533298;11.800000
'85406';48.450001;11.766700
'85408';48.549999;11.950000
'85410';48.466702;11.833300
'85411';48.416698;11.533300
'85413';48.549999;11.866700
'85414';48.466702;11.650000
'85416';48.433300;11.850000
'85417';48.400002;11.800000
'85419';48.516701;11.900000
'85435';48.299999;11.912700
'85445';48.316700;11.850000
'85447';48.366699;12.000000
'85452';48.283298;11.850000
'85456';48.400002;11.983300
'85457';48.233299;11.900000
'85459';48.383301;11.933300
'85461';48.316700;11.983300
'85462';48.366699;11.900000
'85464';48.216702;11.833300
'85465';48.433300;11.966700
'85467';48.233299;11.850000
'85469';48.250000;11.966700
'85521';48.066700;11.683300
'85540';48.099998;11.733300
'85551';48.183300;11.750000
'85560';48.083302;11.966700
'85567';48.016701;11.916700
'85570';48.200001;11.883300
'85579';48.083302;11.683300
'85586';48.166698;11.816700
'85591';48.116699;11.783300
'85604';48.083302;11.833300
'85609';48.166698;11.716700
'85614';48.066700;11.900000
'85617';48.000000;12.000000
'85622';48.150002;11.733300
'85625';47.950001;11.900000
'85630';48.083302;11.750000
'85635';48.016701;11.733300
'85640';48.083302;11.716700
'85643';48.083302;12.033300
'85646';48.150002;11.850000
'85649';48.016701;11.683300
'85652';48.200001;11.800000
'85653';47.966702;11.783300
'85656';48.216702;12.000000
'85658';48.000000;11.800000
'85659';48.183300;11.983300
'85661';48.166698;11.916700
'85662';48.049999;11.700000
'85664';48.150002;12.000000
'85665';48.033298;11.883300
'85667';48.016701;11.816700
'85669';48.200001;11.950000
'85716';48.283298;11.566700
'85737';48.233299;11.683300
'85748';48.250000;11.650000
'85757';48.216702;11.466700
'85764';48.250000;11.566700
'85774';48.200001;11.646700
'85777';48.349998;11.550000
'85778';48.316700;11.566700
'86150';48.366699;10.883300
'86152';48.366699;10.883300
'86153';48.366699;10.883300
'86154';48.366699;10.883300
'86156';48.366699;10.883300
'86157';48.366699;10.883300
'86159';48.366699;10.883300
'86161';48.366699;10.883300
'86163';48.366699;10.883300
'86165';48.366699;10.883300
'86167';48.366699;10.883300
'86169';48.366699;10.883300
'86179';48.366699;10.883300
'86199';48.366699;10.883300
'86316';48.349998;10.983300
'86343';48.266701;10.883300
'86356';48.400002;10.833300
'86368';48.416698;10.883300
'86381';48.250000;10.366700
'86391';48.366699;10.850000
'86399';48.266701;10.833300
'86405';48.549999;10.850000
'86415';48.266701;10.983300
'86420';48.349998;10.766700
'86424';48.349998;10.583300
'86438';48.299999;10.983300
'86441';48.400002;10.600000
'86444';48.466702;10.983300
'86447';48.516701;10.950000
'86450';48.466702;10.600000
'86453';48.383301;11.050000
'86456';48.450001;10.816700
'86459';48.333302;10.733300
'86462';48.483299;10.850000
'86465';48.466702;10.733300
'86470';48.283298;10.466700
'86473';48.299999;10.533300
'86476';48.299999;10.366700
'86477';48.416698;10.716700
'86479';48.233299;10.550000
'86480';48.200001;10.383300
'86482';48.400002;10.766700
'86483';48.233299;10.500000
'86485';48.516701;10.816700
'86486';48.433300;10.700000
'86488';48.233299;10.300000
'86489';48.250000;10.333300
'86491';48.200001;10.316700
'86492';48.183300;10.983300
'86494';48.500000;10.666700
'86495';48.333302;11.083300
'86497';48.400002;10.683300
'86498';48.183300;10.266700
'86500';48.333302;10.700000
'86502';48.533298;10.700000
'86504';48.250000;10.983300
'86505';48.316700;10.450000
'86507';48.216702;10.833300
'86508';48.483299;10.933300
'86510';48.299999;11.050000
'86511';48.216702;10.966700
'86513';48.266701;10.450000
'86514';48.316700;10.650000
'86517';48.250000;10.800000
'86519';48.266701;10.333300
'86529';48.549999;11.266700
'86551';48.466702;11.133300
'86554';48.583302;11.100000
'86556';48.483299;11.183300
'86558';48.599998;11.383300
'86559';48.349998;11.133300
'86561';48.533298;11.300000
'86562';48.633301;11.250000
'86564';48.633301;11.300000
'86565';48.500000;11.233300
'86567';48.433300;11.333300
'86568';48.483299;11.066700
'86570';48.516701;11.116700
'86571';48.599998;11.216700
'86573';48.416698;11.066700
'86574';48.516701;11.033300
'86576';48.466702;11.233300
'86577';48.400002;11.166700
'86579';48.583302;11.333300
'86609';48.700001;10.800000
'86633';48.733299;11.183300
'86637';48.549999;10.683300
'86641';48.683300;10.900000
'86643';48.750000;11.066700
'86647';48.599998;10.716700
'86650';48.866699;10.716700
'86653';48.799999;10.900000
'86655';48.766701;10.666700
'86657';48.716702;10.616700
'86660';48.666698;10.683300
'86663';48.683300;10.816700
'86666';48.700001;11.016700
'86668';48.683300;11.300000
'86669';48.666698;11.216700
'86672';48.583302;10.966700
'86673';48.766701;11.266700
'86675';48.783298;10.833300
'86676';48.633301;11.100000
'86678';48.599998;10.800000
'86679';48.599998;10.866700
'86681';48.816700;10.766700
'86682';48.700001;10.883300
'86684';48.620800;10.966700
'86685';48.833302;10.700000
'86687';48.766701;10.800000
'86688';48.750000;10.950000
'86690';48.650002;10.783300
'86692';48.633301;10.900000
'86694';48.716702;10.933300
'86695';48.616699;10.800000
'86697';48.716702;11.100000
'86698';48.666698;10.866700
'86700';48.883301;10.800000
'86701';48.683300;11.166700
'86703';48.849998;10.950000
'86704';48.816700;10.966700
'86706';48.716702;11.316700
'86707';48.566700;10.816700
'86709';48.916698;10.783300
'86720';48.849998;10.500000
'86732';48.950001;10.600000
'86733';48.849998;10.616700
'86735';48.733299;10.483300
'86736';49.016701;10.633300
'86738';48.866699;10.566700
'86739';48.816700;10.466700
'86741';48.966702;10.550000
'86742';48.966702;10.466700
'86744';48.966702;10.616700
'86745';48.783298;10.533300
'86747';48.933300;10.500000
'86748';48.933300;10.483300
'86750';48.933300;10.650000
'86751';48.783298;10.583300
'86753';48.816700;10.583300
'86754';48.916698;10.600000
'86756';48.816700;10.516700
'86757';48.883301;10.466700
'86759';48.900002;10.616700
'86807';48.033298;10.733300
'86825';48.016701;10.600000
'86830';48.183300;10.750000
'86833';48.099998;10.650000
'86836';48.200001;10.816700
'86842';48.066700;10.633300
'86845';48.233299;10.783300
'86850';48.283298;10.666700
'86853';48.150002;10.766700
'86854';48.066700;10.683300
'86856';48.166698;10.716700
'86857';48.116699;10.816700
'86859';48.066700;10.800000
'86860';48.000000;10.733300
'86862';48.083302;10.733300
'86863';48.266701;10.600000
'86865';48.133301;10.583300
'86866';48.250000;10.633300
'86868';48.183300;10.600000
'86869';47.933300;10.750000
'86871';48.066700;10.583300
'86872';48.183300;10.633300
'86874';48.099998;10.566700
'86875';48.000000;10.783300
'86877';48.233299;10.583300
'86879';48.033298;10.666700
'86899';48.049999;10.866700
'86911';47.950001;11.100000
'86916';48.083302;10.883300
'86919';48.033298;11.083300
'86920';47.916698;10.850000
'86922';48.083302;11.033300
'86923';48.016701;11.000000
'86925';47.933300;10.816700
'86926';48.066700;11.083300
'86928';48.016701;10.966700
'86929';48.083302;10.933300
'86931';48.200001;10.916700
'86932';48.033298;10.916700
'86934';47.916698;10.933300
'86935';47.900002;10.966700
'86937';48.166698;10.900000
'86938';48.049999;11.083300
'86940';48.049999;10.933300
'86943';47.950001;10.966700
'86944';47.983299;10.833300
'86946';47.950001;10.916700
'86947';48.116699;10.916700
'86949';48.066700;11.033300
'86956';47.816700;10.900000
'86971';47.799999;10.933300
'86972';47.816700;10.866700
'86974';47.900002;10.933300
'86975';47.733299;10.783300
'86977';47.783298;10.816700
'86978';47.849998;10.900000
'86980';47.816700;10.783300
'86981';47.883301;10.916700
'86983';47.700001;10.800000
'86984';47.683300;10.800000
'86986';47.833302;10.833300
'86987';47.833302;10.833300
'86989';47.700001;10.866700
'87435';47.716702;10.316700
'87437';47.716702;10.316700
'87439';47.716702;10.316700
'87448';47.666698;10.300000
'87452';47.799999;10.216700
'87459';47.583302;10.550000
'87463';47.799999;10.283300
'87466';47.633301;10.433300
'87471';47.700001;10.350000
'87474';47.700001;10.233300
'87477';47.666698;10.350000
'87480';47.650002;10.133300
'87484';47.616699;10.500000
'87487';47.750000;10.233300
'87488';47.733299;10.383300
'87490';47.799999;10.350000
'87493';47.783298;10.300000
'87494';47.666698;10.550000
'87496';47.833302;10.383300
'87497';47.599998;10.400000
'87499';47.766701;10.400000
'87509';47.566700;10.216700
'87527';47.500000;10.233300
'87534';47.549999;10.033300
'87538';47.466702;10.100000
'87541';47.500000;10.366700
'87544';47.533298;10.266700
'87545';47.533298;10.283300
'87547';47.599998;10.116700
'87549';47.583302;10.300000
'87561';47.400002;10.283300
'87600';47.883301;10.616700
'87616';47.783298;10.616700
'87629';47.566700;10.700000
'87634';47.816700;10.450000
'87637';47.599998;10.600000
'87640';47.833302;10.633300
'87642';47.633301;10.816700
'87645';47.583302;10.733300
'87647';47.783298;10.466700
'87648';47.816700;10.533300
'87650';47.950001;10.550000
'87651';47.833302;10.733300
'87653';47.916698;10.516700
'87654';47.866699;10.533300
'87656';47.933300;10.666700
'87657';47.700001;10.500000
'87659';47.616699;10.633300
'87660';47.900002;10.566700
'87662';47.900002;10.750000
'87663';47.700001;10.600000
'87665';47.883301;10.666700
'87666';47.933300;10.616700
'87668';47.950001;10.650000
'87669';47.616699;10.716700
'87671';47.900002;10.416700
'87672';47.650002;10.716700
'87674';47.816700;10.583300
'87675';47.766701;10.750000
'87677';47.883301;10.716700
'87679';47.933300;10.716700
'87700';47.983299;10.166700
'87719';48.049999;10.483300
'87724';47.933300;10.300000
'87727';48.150002;10.250000
'87730';47.883301;10.216700
'87733';47.950001;10.400000
'87734';47.966702;10.216700
'87736';47.883301;10.300000
'87737';48.066700;10.200000
'87739';48.133301;10.400000
'87740';48.000000;10.133300
'87742';48.016701;10.500000
'87743';48.083302;10.283300
'87745';48.166698;10.516700
'87746';48.049999;10.350000
'87748';48.083302;10.150000
'87749';47.966702;10.266700
'87751';48.033298;10.150000
'87752';48.016701;10.266700
'87754';48.049999;10.416700
'87755';48.150002;10.300000
'87757';48.183300;10.483300
'87758';47.916698;10.166700
'87760';47.950001;10.233300
'87761';48.049999;10.283300
'87763';47.900002;10.133300
'87764';47.849998;10.133300
'87766';47.983299;10.216700
'87767';48.049999;10.183300
'87769';48.083302;10.433300
'87770';48.099998;10.300000
'87772';48.116699;10.450000
'87773';48.099998;10.150000
'87775';48.133301;10.483300
'87776';48.000000;10.350000
'87778';48.033298;10.433300
'87779';48.000000;10.216700
'87781';48.016701;10.266700
'87782';47.966702;10.466700
'87784';48.016701;10.300000
'87785';48.116699;10.216700
'87787';47.883301;10.266700
'87789';47.916698;10.200000
'88045';47.650002;9.483330
'88046';47.650002;9.483330
'88048';47.650002;9.483330
'88069';47.666698;9.600000
'88074';47.700001;9.566670
'88079';47.599998;9.600000
'88085';47.599998;9.550000
'88090';47.666698;9.366670
'88094';47.716702;9.466670
'88097';47.633301;9.533330
'88099';47.666698;9.700000
'88131';47.566700;9.666670
'88138';47.616699;9.783330
'88142';47.566700;9.633330
'88145';47.650002;9.833330
'88147';47.633301;9.716670
'88149';47.583302;9.616670
'88161';47.599998;9.900000
'88167';47.650002;9.983330
'88171';47.583302;9.933330
'88175';47.583302;9.850000
'88178';47.616699;9.916670
'88179';47.566700;9.950000
'88212';47.783298;9.616670
'88213';47.783298;9.616670
'88214';47.783298;9.616670
'88239';47.683300;9.833330
'88250';47.811100;9.639860
'88255';47.816700;9.650000
'88260';47.666698;9.933330
'88263';47.799999;9.500000
'88267';47.766701;9.766670
'88271';47.866699;9.416670
'88273';47.866699;9.583330
'88276';47.816700;9.600000
'88279';47.700001;9.750000
'88281';47.766701;9.666670
'88284';47.900002;9.616670
'88285';47.716702;9.683330
'88287';47.750000;9.650000
'88289';47.766701;9.716670
'88299';47.825001;10.016700
'88316';47.700001;10.033300
'88317';47.900002;10.083300
'88319';47.933300;10.083300
'88326';47.950001;9.633330
'88339';47.916698;9.766670
'88348';48.033298;9.600000
'88353';47.783298;9.883330
'88356';47.950001;9.383330
'88361';47.933300;9.533330
'88364';47.816700;9.800000
'88367';48.033298;9.383330
'88368';47.849998;9.750000
'88370';47.900002;9.516670
'88371';47.966702;9.583330
'88373';47.883301;9.483330
'88374';47.950001;9.450000
'88376';47.933300;9.416670
'88377';47.900002;9.433330
'88379';47.900002;9.450000
'88400';48.099998;9.800000
'88410';47.900002;9.900000
'88416';48.066700;9.983330
'88422';48.099998;9.616670
'88427';48.006001;9.658280
'88430';48.016701;10.033300
'88433';48.183300;9.783330
'88436';48.002701;9.824410
'88437';48.133301;9.883330
'88441';48.083302;9.750000
'88444';48.066700;9.833330
'88447';48.133301;9.800000
'88448';48.133301;9.700000
'88450';48.049999;10.083300
'88451';48.099998;10.116700
'88453';48.083302;10.066700
'88454';48.033298;9.783330
'88456';48.016701;9.733330
'88457';48.083302;10.133300
'88459';48.000000;10.083300
'88471';48.233299;9.883330
'88477';48.183300;9.966670
'88480';48.266701;9.900000
'88481';48.183300;10.083300
'88483';48.233299;9.933330
'88484';48.116699;9.983330
'88486';48.133301;10.083300
'88487';48.183300;9.900000
'88489';48.183300;10.016700
'88499';48.150002;9.450000
'88512';48.049999;9.333330
'88515';48.150002;9.366670
'88518';48.066700;9.433330
'88521';48.099998;9.466670
'88524';48.150002;9.616670
'88525';48.116699;9.533330
'88527';48.166698;9.516670
'88529';48.233299;9.466670
'88605';47.983299;9.116670
'88630';47.916698;9.250000
'88631';48.049999;8.966670
'88633';47.816700;9.316670
'88634';47.849998;9.200000
'88636';47.866699;9.383330
'88637';48.016701;8.983330
'88639';47.933300;9.166670
'88662';47.766701;9.166670
'88677';47.716702;9.400000
'88682';47.783298;9.283330
'88690';47.733299;9.250000
'88693';47.799999;9.400000
'88696';47.799999;9.166670
'88697';47.733299;9.350000
'88699';47.816700;9.266670
'88709';47.666698;9.316670
'88718';47.716702;9.266670
'88719';47.683300;9.300000
'89073';48.400002;10.000000
'89075';48.400002;10.000000
'89077';48.400002;10.000000
'89079';48.400002;10.000000
'89081';48.400002;10.000000
'89129';48.500000;10.100000
'89134';48.416698;9.916670
'89143';48.400002;9.783330
'89150';48.490501;9.687560
'89155';48.333302;9.883330
'89160';48.467499;9.943470
'89165';48.216702;10.066700
'89168';48.549999;10.233300
'89171';48.316700;10.016700
'89173';48.533298;9.916670
'89174';48.583302;10.033300
'89176';48.533298;10.200000
'89177';48.549999;10.083300
'89179';48.483299;9.983330
'89180';48.465000;9.761380
'89182';48.500000;10.016700
'89183';48.516701;10.000000
'89185';48.283298;9.950000
'89186';48.266701;10.050000
'89188';48.511101;9.757170
'89189';48.549999;10.016700
'89191';48.543098;9.792280
'89192';48.516701;10.166700
'89194';48.266701;10.000000
'89195';48.299999;9.983330
'89197';48.549999;10.000000
'89198';48.516701;9.950000
'89231';48.400002;10.016700
'89233';48.400002;10.016700
'89250';48.316700;10.066700
'89257';48.216702;10.100000
'89264';48.299999;10.166700
'89269';48.283298;10.083300
'89275';48.450001;10.100000
'89278';48.433300;10.133300
'89281';48.166698;10.116700
'89284';48.349998;10.166700
'89287';48.250000;10.100000
'89290';48.216702;10.183300
'89291';48.383301;10.100000
'89293';48.116699;10.133300
'89294';48.166698;10.183300
'89296';48.150002;10.166700
'89297';48.283298;10.233300
'89299';48.200001;10.166700
'89312';48.450001;10.266700
'89331';48.433300;10.400000
'89335';48.366699;10.316700
'89340';48.433300;10.200000
'89343';48.397202;10.438900
'89344';48.500000;10.450000
'89346';48.400002;10.200000
'89347';48.433300;10.250000
'89349';48.349998;10.450000
'89350';48.466702;10.433300
'89352';48.333302;10.316700
'89353';48.500000;10.483300
'89355';48.500000;10.400000
'89356';48.433300;10.450000
'89358';48.383301;10.366700
'89359';48.416698;10.283300
'89361';48.433300;10.533300
'89362';48.483299;10.366700
'89364';48.466702;10.350000
'89365';48.433300;10.433300
'89367';48.349998;10.300000
'89368';48.466702;10.483300
'89407';48.566700;10.483300
'89415';48.566700;10.433300
'89420';48.599998;10.550000
'89423';48.549999;10.366700
'89426';48.650002;10.433300
'89428';48.650002;10.300000
'89429';48.633301;10.316700
'89431';48.549999;10.333300
'89432';48.566700;10.650000
'89434';48.633301;10.633300
'89435';48.650002;10.500000
'89437';48.599998;10.366700
'89438';48.516701;10.533300
'89440';48.650002;10.550000
'89441';48.566700;10.333300
'89443';48.650002;10.650000
'89444';48.516701;10.616700
'89446';48.650002;10.383300
'89447';48.666698;10.316700
'89449';48.533298;10.633300
'89518';48.683300;10.150000
'89520';48.683300;10.150000
'89522';48.683300;10.150000
'89537';48.616699;10.250000
'89542';48.616699;10.183300
'89547';48.633301;10.033300
'89551';48.733299;10.116700
'89555';48.683300;10.066700
'89558';48.683300;9.933330
'89561';48.700001;10.366700
'89564';48.700001;10.233300
'89567';48.549999;10.283300
'89568';48.599998;10.266700
'89584';48.283298;9.733330
'89597';48.216702;9.633330
'89601';48.366699;9.733330
'89604';48.333302;9.716670
'89605';48.333302;9.766670
'89607';48.216702;9.650000
'89608';48.266701;9.783330
'89610';48.299999;9.833330
'89611';48.233299;9.566670
'89613';48.166698;9.666670
'89614';48.283298;9.800000
'89616';48.233299;9.683330
'89617';48.233299;9.616670
'89619';48.200001;9.700000
'90402';49.447800;11.068300
'90403';49.447800;11.068300
'90408';49.447800;11.068300
'90409';49.447800;11.068300
'90411';49.447800;11.068300
'90419';49.447800;11.068300
'90425';49.447800;11.068300
'90427';49.447800;11.068300
'90429';49.447800;11.068300
'90431';49.447800;11.068300
'90439';49.447800;11.068300
'90441';49.447800;11.068300
'90443';49.447800;11.068300
'90449';49.447800;11.068300
'90451';49.447800;11.068300
'90453';49.447800;11.068300
'90455';49.447800;11.068300
'90459';49.447800;11.068300
'90461';49.447800;11.068300
'90469';49.447800;11.068300
'90471';49.447800;11.068300
'90473';49.447800;11.068300
'90475';49.447800;11.068300
'90478';49.447800;11.068300
'90480';49.447800;11.068300
'90482';49.447800;11.068300
'90489';49.447800;11.068300
'90491';49.447800;11.068300
'90513';49.450001;10.950000
'90518';49.387501;11.357200
'90522';49.433300;10.950000
'90530';49.353600;11.148300
'90537';49.376701;11.213900
'90542';49.583302;11.250000
'90547';49.416698;11.016700
'90552';49.485001;11.247500
'90556';49.450001;10.866700
'90559';49.349998;11.300000
'90562';49.533901;11.155600
'90571';49.469398;11.201100
'90574';49.400002;10.883300
'90579';49.500000;10.800000
'90584';49.254200;11.241100
'90587';49.533298;10.916700
'90592';49.357800;11.243300
'90596';49.299999;11.116700
'90599';49.400002;10.683300
'90602';49.298599;11.289700
'90607';49.500000;11.250000
'90610';49.383301;11.300000
'90613';49.400002;10.783300
'90614';49.400002;10.866700
'90616';49.466702;10.650000
'90617';49.533298;10.833300
'90619';49.450001;10.600000
'90762';49.466702;10.966700
'90763';49.466702;10.966700
'90765';49.466702;10.966700
'90766';49.466702;10.966700
'90768';49.466702;10.966700
'91052';49.589699;11.003900
'91054';49.599998;11.050000
'91056';49.589699;11.003900
'91058';49.589699;11.003900
'91074';49.549999;10.883300
'91077';49.599998;11.116700
'91080';49.616699;11.066700
'91083';49.660000;11.030300
'91085';49.616699;10.833300
'91086';49.583302;10.833300
'91088';49.633301;11.016700
'91090';49.666698;11.100000
'91091';49.650002;10.883300
'91093';49.633301;10.916700
'91094';49.650002;11.066700
'91096';49.633301;11.000000
'91097';49.583302;10.766700
'91099';49.666698;11.066700
'91126';49.299999;10.983300
'91154';49.244999;11.091100
'91161';49.189999;11.188600
'91166';49.189701;11.016700
'91171';49.048302;11.361400
'91174';49.166698;10.916700
'91177';49.088100;11.223100
'91180';49.116699;11.116700
'91183';49.250000;10.966700
'91186';49.267799;11.058900
'91187';49.150002;11.033300
'91189';49.349998;10.883300
'91207';49.510300;11.277500
'91217';49.512501;11.433900
'91220';49.559200;11.343100
'91224';49.500000;11.516700
'91227';49.451698;11.310000
'91230';49.500000;11.466700
'91233';49.516701;11.316700
'91235';49.599998;11.516700
'91236';49.433300;11.550000
'91238';49.466702;11.400000
'91239';49.500000;11.383300
'91241';49.549999;11.416700
'91242';49.516701;11.350000
'91244';49.516701;11.383300
'91245';49.599998;11.350000
'91247';49.549999;11.500000
'91249';49.500000;11.566700
'91257';49.756401;11.545000
'91275';49.692501;11.632500
'91278';49.772202;11.409200
'91281';49.750000;11.716700
'91282';49.683300;11.416700
'91284';49.633301;11.550000
'91286';49.700001;11.350000
'91287';49.650002;11.466700
'91289';49.816700;11.583300
'91301';49.723099;11.066900
'91315';49.700001;10.800000
'91320';49.782200;11.181100
'91322';49.650002;11.250000
'91325';49.716702;10.900000
'91327';49.766701;11.333300
'91330';49.771099;11.058100
'91332';49.866699;11.166700
'91334';49.683300;10.933300
'91336';49.700001;11.000000
'91338';49.616699;11.233300
'91341';49.666698;10.933300
'91344';49.849998;11.350000
'91346';49.799999;11.266700
'91347';49.900002;11.216700
'91349';49.700001;11.250000
'91350';49.700001;10.833300
'91352';49.766701;10.983300
'91353';49.683300;11.033300
'91355';49.666698;11.316700
'91356';49.733299;11.150000
'91358';49.683300;11.150000
'91359';49.716702;11.166700
'91361';49.700001;11.100000
'91362';49.750000;11.183300
'91364';49.816700;11.183300
'91365';49.750000;11.116700
'91367';49.633301;11.250000
'91369';49.716702;11.133300
'91413';49.583302;10.600000
'91438';49.500000;10.416700
'91443';49.666698;10.466700
'91448';49.549999;10.716700
'91452';49.483299;10.716700
'91456';49.599998;10.633300
'91459';49.483299;10.650000
'91460';49.616699;10.533300
'91462';49.650002;10.700000
'91463';49.566700;10.533300
'91465';49.516701;10.333300
'91466';49.633301;10.700000
'91468';49.616699;10.633300
'91469';49.533298;10.766700
'91471';49.466702;10.383300
'91472';49.533298;10.483300
'91474';49.616699;10.516700
'91475';49.700001;10.766700
'91477';49.650002;10.433300
'91478';49.583302;10.350000
'91480';49.700001;10.550000
'91481';49.633301;10.600000
'91483';49.716702;10.433300
'91484';49.599998;10.433300
'91486';49.666698;10.733300
'91487';49.683300;10.633300
'91489';49.566700;10.733300
'91522';49.299999;10.583300
'91541';49.383301;10.183300
'91550';49.066700;10.316700
'91555';49.166698;10.333300
'91560';49.333302;10.800000
'91564';49.283298;10.783300
'91567';49.233299;10.516700
'91572';49.150002;10.550000
'91575';49.250000;10.816700
'91578';49.299999;10.416700
'91580';49.299999;10.750000
'91583';49.299999;10.183300
'91586';49.283298;10.700000
'91587';49.433300;10.166700
'91589';49.250000;10.416700
'91590';49.349998;10.700000
'91592';49.333302;10.333300
'91593';49.450001;10.316700
'91595';49.233299;10.583300
'91596';49.133301;10.466700
'91598';49.366699;10.416700
'91599';49.150002;10.433300
'91601';49.250000;10.283300
'91602';49.116699;10.383300
'91604';49.400002;10.516700
'91605';49.450001;10.266700
'91607';49.349998;10.200000
'91608';49.366699;10.300000
'91610';49.299999;10.166700
'91611';49.333302;10.516700
'91613';49.450001;10.366700
'91614';49.016701;10.366700
'91616';49.366699;10.216700
'91617';49.416698;10.433300
'91619';49.450001;10.466700
'91620';49.466702;10.216700
'91622';49.400002;10.583300
'91623';49.299999;10.650000
'91625';49.200001;10.183300
'91626';49.116699;10.300000
'91628';49.416698;10.216700
'91629';49.349998;10.616700
'91631';49.250000;10.150000
'91632';49.166698;10.483300
'91634';49.033298;10.383300
'91635';49.400002;10.300000
'91637';49.250000;10.250000
'91639';49.233299;10.733300
'91710';49.099998;10.750000
'91717';49.049999;10.600000
'91719';49.016701;10.750000
'91720';49.150002;10.883300
'91722';49.150002;10.616700
'91723';49.049999;10.800000
'91725';49.083302;10.533300
'91726';49.049999;10.516700
'91728';49.066700;10.716700
'91729';49.183300;10.766700
'91731';49.099998;10.450000
'91732';49.200001;10.700000
'91734';49.216702;10.783300
'91735';49.150002;10.700000
'91737';49.166698;10.650000
'91738';49.116699;10.833300
'91740';49.049999;10.566700
'91741';49.083302;10.850000
'91743';49.083302;10.633300
'91744';49.033298;10.450000
'91746';49.200001;10.633300
'91747';49.000000;10.666700
'91749';49.066700;10.483300
'91757';48.950001;10.916700
'91781';49.033298;10.983300
'91785';49.099998;10.983300
'91788';48.933300;10.966700
'91790';49.083302;11.116700
'91792';49.066700;10.966700
'91793';49.049999;10.866700
'91795';48.866699;11.066700
'91796';49.083302;11.050000
'91798';49.066700;11.016700
'91799';48.900002;10.933300
'91801';49.016701;10.850000
'91802';49.033298;10.816700
'91804';48.883301;11.000000
'91805';48.933300;10.716700
'91807';48.900002;11.000000
'91809';48.799999;11.100000
'92224';49.441399;11.862200
'92237';49.498299;11.751700
'92242';49.544998;11.950800
'92245';49.419201;11.888300
'92249';49.610001;11.801900
'92253';49.549999;12.016700
'92256';49.533298;11.800000
'92259';49.533298;11.633300
'92260';49.433300;11.750000
'92262';49.416698;11.633300
'92263';49.400002;11.950000
'92265';49.566700;11.700000
'92266';49.349998;11.933300
'92268';49.533298;11.583300
'92269';49.400002;12.050000
'92271';49.616699;11.916700
'92272';49.483299;11.983300
'92274';49.533298;11.883300
'92275';49.549999;11.533300
'92277';49.299999;11.800000
'92278';49.450001;11.683300
'92280';49.366699;11.683300
'92281';49.616699;11.633300
'92283';49.366699;11.616700
'92284';49.483299;11.800000
'92286';49.316700;11.950000
'92287';49.266701;11.933300
'92289';49.400002;11.766700
'92318';49.280300;11.462800
'92331';49.150002;11.750000
'92334';49.104401;11.442200
'92339';49.035301;11.473300
'92342';49.200600;11.329400
'92345';49.037498;11.583900
'92348';49.331699;11.440300
'92353';49.305302;11.357200
'92355';49.233299;11.683300
'92358';49.166698;11.633300
'92360';49.166698;11.450000
'92361';49.250000;11.400000
'92363';49.083302;11.616700
'92364';49.216702;11.533300
'92366';49.200001;11.850000
'92367';49.316700;11.500000
'92369';49.233299;11.466700
'92421';49.326401;12.109700
'92431';49.346699;12.384400
'92436';49.250000;12.300000
'92439';49.266701;12.316700
'92442';49.316700;12.183300
'92444';49.349998;12.533300
'92445';49.299999;12.433300
'92447';49.383301;12.350000
'92449';49.283298;12.183300
'92507';49.453602;12.178600
'92521';49.389400;12.139700
'92526';49.466702;12.416700
'92533';49.536900;12.151700
'92536';49.497501;12.258300
'92539';49.516701;12.550000
'92540';49.400002;12.283300
'92542';49.416698;12.416700
'92543';49.450001;12.283300
'92545';49.450001;12.366700
'92546';49.416698;12.083300
'92548';49.400002;12.233300
'92549';49.500000;12.616700
'92551';49.416698;12.133300
'92552';49.483299;12.383300
'92554';49.383301;12.466700
'92555';49.516701;12.266700
'92557';49.483299;12.566700
'92559';49.433300;12.483300
'92637';49.700001;12.233300
'92648';49.629398;12.334200
'92655';49.718899;11.906700
'92660';49.731400;12.173300
'92665';49.720001;12.166700
'92670';49.799702;12.158900
'92676';49.750000;11.816700
'92681';49.840302;12.044700
'92685';49.733299;12.283300
'92690';49.766701;11.933300
'92693';49.583302;12.533300
'92694';49.633301;12.100000
'92696';49.733299;12.350000
'92697';49.700001;12.416700
'92699';49.650002;12.216700
'92702';49.599998;12.016700
'92703';49.833302;12.100000
'92705';49.599998;12.250000
'92706';49.583302;12.150000
'92708';49.650002;12.050000
'92709';49.599998;12.416700
'92711';49.733299;12.066700
'92712';49.633301;12.166700
'92714';49.650002;12.416700
'92715';49.750000;12.233300
'92717';49.849998;12.116700
'92718';49.650002;12.166700
'92720';49.733299;12.000000
'92721';49.733299;12.216700
'92723';49.500000;12.333300
'92724';49.799999;11.900000
'92726';49.650002;12.500000
'92727';49.666698;12.333300
'92729';49.633301;12.066700
'93047';49.014999;12.095600
'93049';49.014999;12.095600
'93051';49.014999;12.095600
'93053';49.014999;12.095600
'93055';49.014999;12.095600
'93057';49.014999;12.095600
'93059';49.014999;12.095600
'93073';48.983299;12.200000
'93077';48.933300;12.050000
'93080';48.983299;12.066700
'93083';48.966702;12.166700
'93086';49.016701;12.400000
'93087';48.916698;12.200000
'93089';48.866699;12.283300
'93090';49.016701;12.300000
'93092';49.000000;12.200000
'93093';49.033298;12.216700
'93095';48.900002;12.216700
'93096';48.933300;12.200000
'93098';48.950001;12.233300
'93099';48.900002;12.366700
'93101';48.866699;12.216700
'93102';48.966702;12.383300
'93104';48.916698;12.350000
'93105';49.016701;12.183300
'93107';48.916698;12.166700
'93109';49.016701;12.383300
'93128';49.121700;12.129200
'93133';49.205601;12.041400
'93138';49.056900;12.090000
'93142';49.202499;12.098100
'93149';49.199200;12.272500
'93152';49.025299;11.961100
'93155';49.053299;11.782200
'93158';49.223099;12.088300
'93161';49.000000;12.033300
'93164';49.099998;11.900000
'93167';49.099998;12.483300
'93170';49.099998;12.250000
'93173';49.075600;12.194200
'93176';49.096699;11.808300
'93177';49.099998;12.300000
'93179';49.066700;12.400000
'93180';49.033298;11.900000
'93182';49.116699;11.916700
'93183';49.150002;12.000000
'93185';49.133301;12.550000
'93186';49.066700;12.000000
'93188';49.066700;11.966700
'93189';49.183300;12.350000
'93191';49.066700;12.450000
'93192';49.150002;12.350000
'93194';49.183300;12.383300
'93195';49.099998;11.983300
'93197';49.083302;12.100000
'93199';49.144402;12.414100
'93309';48.916698;11.866700
'93326';48.816700;11.850000
'93333';48.799999;11.766700
'93336';48.900002;11.650000
'93339';48.966702;11.683300
'93342';48.900002;11.933300
'93343';48.933300;11.783300
'93345';48.849998;12.000000
'93346';48.933300;11.866700
'93348';48.766701;11.916700
'93349';48.849998;11.650000
'93351';49.000000;11.816700
'93352';48.766701;11.966700
'93354';48.799999;11.866700
'93356';48.900002;12.016700
'93358';48.733299;11.833300
'93359';48.733299;11.916700
'93413';49.225601;12.663600
'93426';49.196400;12.518600
'93437';49.309700;12.840000
'93444';49.176899;12.855600
'93449';49.378601;12.704200
'93453';49.266701;12.966700
'93455';49.150002;12.650000
'93458';49.299999;12.916700
'93462';49.200001;13.050000
'93464';49.433300;12.583300
'93466';49.200001;12.750000
'93468';49.150002;12.766700
'93470';49.183300;13.100000
'93471';49.133301;13.000000
'93473';49.266701;12.816700
'93474';49.200001;13.000000
'93476';49.166698;12.816700
'93477';49.316700;12.733300
'93479';49.200001;12.883300
'93480';49.200001;12.933300
'93482';49.266701;12.616700
'93483';49.233299;12.550000
'93485';49.233299;12.883300
'93486';49.216702;12.766700
'93488';49.349998;12.600000
'93489';49.166698;12.600000
'93491';49.266701;12.533300
'93492';49.416698;12.616700
'93494';49.266701;12.666700
'93495';49.266701;12.766700
'93497';49.250000;12.666700
'93499';49.150002;12.733300
'94032';48.583302;13.483300
'94034';48.583302;13.483300
'94036';48.583302;13.483300
'94051';48.650002;13.633300
'94060';48.400002;13.316700
'94065';48.733299;13.600000
'94072';48.366699;13.316700
'94078';48.799999;13.550000
'94081';48.533298;13.316700
'94086';48.450001;13.200000
'94089';48.750000;13.750000
'94094';48.316700;13.200000
'94099';48.433300;13.333300
'94104';48.724998;13.400000
'94107';48.583302;13.666700
'94110';48.599998;13.783300
'94113';48.616699;13.400000
'94116';48.666698;13.483300
'94118';48.733299;13.700000
'94121';48.616699;13.483300
'94124';48.666698;13.500000
'94127';48.500000;13.450000
'94130';48.566700;13.650000
'94133';48.733299;13.533300
'94136';48.616699;13.533300
'94137';48.416698;13.150000
'94139';48.700001;13.800000
'94140';48.299999;13.150000
'94142';48.716702;13.466700
'94143';48.799999;13.650000
'94145';48.833302;13.766700
'94146';48.816700;13.600000
'94148';48.349998;13.266700
'94149';48.366699;13.116700
'94151';48.883301;13.583300
'94152';48.466702;13.433300
'94154';48.683300;13.383300
'94157';48.783298;13.450000
'94158';48.866699;13.683300
'94160';48.816700;13.483300
'94161';48.650002;13.416700
'94163';48.783298;13.350000
'94164';48.683300;13.716700
'94166';48.316700;13.083300
'94167';48.433300;13.266700
'94169';48.766701;13.316700
'94209';48.966702;13.133300
'94227';49.033298;13.250000
'94234';49.079201;12.884700
'94239';48.966702;12.966700
'94244';49.049999;12.983300
'94249';49.066700;13.100000
'94250';48.966702;12.933300
'94252';49.116699;13.200000
'94253';48.916698;13.083300
'94255';49.066700;13.033300
'94256';49.099998;13.016700
'94258';48.983299;13.300000
'94259';48.900002;13.183300
'94261';48.916698;13.266700
'94262';49.049999;12.866700
'94264';49.016701;13.150000
'94265';49.016701;12.983300
'94267';49.099998;12.833300
'94269';48.950001;13.200000
'94315';48.883301;12.566700
'94327';48.916698;12.683300
'94330';48.849998;12.616700
'94333';48.833302;12.383300
'94336';48.950001;12.733300
'94339';48.766701;12.516700
'94342';48.849998;12.750000
'94344';49.033298;12.533300
'94345';48.950001;12.466700
'94347';49.000000;12.633300
'94348';48.900002;12.483300
'94350';49.000000;12.600000
'94351';48.833302;12.533300
'94353';49.033298;12.716700
'94354';49.000000;12.700000
'94356';48.950001;12.550000
'94357';49.066700;12.716700
'94359';49.083302;12.650000
'94360';48.966702;12.683300
'94362';48.983299;12.766700
'94363';48.799999;12.650000
'94365';48.916698;12.600000
'94366';48.950001;12.800000
'94368';48.849998;12.433300
'94369';48.900002;12.466700
'94371';49.083302;12.750000
'94372';49.033298;12.666700
'94374';48.916698;12.816700
'94375';49.049999;12.666700
'94377';48.950001;12.616700
'94379';49.000000;12.816700
'94405';48.683300;12.683300
'94419';48.566700;12.633300
'94424';48.566700;12.816700
'94428';48.633301;12.850000
'94431';48.700001;12.650000
'94436';48.566700;12.750000
'94437';48.650002;12.600000
'94439';48.599998;12.933300
'94447';48.783298;12.866700
'94469';48.833302;12.966700
'94474';48.633301;13.183300
'94481';48.849998;13.400000
'94486';48.700001;13.016700
'94491';48.783298;13.050000
'94496';48.549999;13.233300
'94501';48.566700;13.100000
'94505';48.916698;12.883300
'94508';48.750000;13.183300
'94513';48.833302;13.333300
'94518';48.916698;13.366700
'94522';48.733299;12.750000
'94526';48.866699;12.916700
'94527';48.733299;12.916700
'94529';48.683300;13.300000
'94530';48.799999;13.100000
'94532';48.716702;13.200000
'94533';48.700001;12.916700
'94535';48.716702;13.266700
'94536';48.883301;13.300000
'94538';48.716702;13.333300
'94539';48.900002;12.983300
'94541';48.799999;13.150000
'94542';48.500000;13.150000
'94544';48.683300;13.116700
'94545';48.849998;13.483300
'94547';48.733299;13.133300
'94548';48.849998;13.266700
'94550';48.666698;13.083300
'94551';48.849998;13.183300
'94553';48.833302;12.800000
'94554';48.750000;12.966700
'94556';48.883301;13.483300
'94557';48.766701;13.033300
'94559';48.883301;12.800000
'94560';48.866699;12.866700
'94562';48.700001;12.833300
'94563';48.766701;12.816700
'94566';48.900002;13.416700
'94568';48.900002;13.416700
'94569';48.816700;12.800000
'94571';48.849998;13.066700
'94572';48.833302;13.233300
'94574';48.683300;12.883300
'94575';48.616699;13.216700
'94577';48.733299;13.066700
'94579';48.799999;13.266700
'95028';50.316700;11.916700
'95030';50.316700;11.916700
'95032';50.316700;11.916700
'95100';50.166698;12.133300
'95111';50.250000;12.033300
'95119';50.316700;11.700000
'95126';50.216702;11.933300
'95131';50.283298;11.616700
'95138';50.366699;11.650000
'95145';50.266701;11.933300
'95152';50.316700;11.750000
'95158';50.150002;11.950000
'95163';50.099998;11.866700
'95168';50.133301;12.000000
'95173';50.200001;12.100000
'95176';50.266701;11.850000
'95179';50.333302;11.600000
'95180';50.383301;11.783300
'95182';50.283298;11.950000
'95183';50.366699;11.933300
'95185';50.316700;12.016700
'95186';50.099998;12.083300
'95188';50.383301;11.716700
'95189';50.333302;11.850000
'95191';50.299999;11.800000
'95192';50.383301;11.666700
'95194';50.299999;12.050000
'95195';50.083302;11.983300
'95197';50.266701;11.750000
'95199';50.099998;12.100000
'95213';50.200001;11.783300
'95233';50.233299;11.700000
'95234';50.166698;11.833300
'95236';50.150002;11.683300
'95237';50.183300;11.850000
'95239';50.133301;11.800000
'95326';50.099998;11.450000
'95336';50.099998;11.383300
'95339';50.099998;11.600000
'95346';50.166698;11.500000
'95349';50.016701;11.383300
'95352';50.183300;11.633300
'95355';50.233299;11.550000
'95356';50.200001;11.583300
'95358';50.150002;11.566700
'95359';50.033298;11.350000
'95361';50.099998;11.533300
'95362';50.133301;11.583300
'95364';50.133301;11.566700
'95365';50.200001;11.466700
'95367';50.066700;11.550000
'95369';50.133301;11.516700
'95444';49.948101;11.578300
'95445';49.948101;11.578300
'95447';49.948101;11.578300
'95448';49.948101;11.578300
'95460';50.049999;11.666700
'95463';49.981701;11.613900
'95466';49.933300;11.783300
'95469';49.883301;11.783300
'95473';49.849998;11.616700
'95478';49.868900;11.895000
'95482';50.099998;11.750000
'95485';49.983299;11.783300
'95488';49.933300;11.483300
'95490';49.916698;11.466700
'95491';49.849998;11.433300
'95493';50.049999;11.783300
'95494';49.900002;11.533300
'95496';49.883301;11.450000
'95497';50.016701;11.683300
'95499';50.033298;11.566700
'95500';49.966702;11.533300
'95502';50.066700;11.600000
'95503';49.900002;11.516700
'95505';49.900002;11.866700
'95506';49.833302;11.900000
'95508';49.900002;11.900000
'95509';50.099998;11.650000
'95511';49.916698;11.516700
'95512';50.016701;11.500000
'95514';49.816700;11.833300
'95515';49.883301;11.333300
'95517';49.900002;11.650000
'95519';49.799999;11.733300
'95615';50.005001;12.081100
'95632';50.033298;12.016700
'95643';49.882500;12.333100
'95652';50.005001;12.302800
'95659';50.066700;12.200000
'95666';49.950001;12.283300
'95671';49.816700;12.433300
'95676';49.916698;12.183300
'95679';49.983299;12.066700
'95680';50.016701;12.016700
'95682';49.950001;11.900000
'95683';49.950001;11.933300
'95685';49.866699;12.233300
'95686';50.016701;11.850000
'95688';49.883301;12.116700
'95689';49.916698;12.150000
'95691';50.099998;12.233300
'95692';50.016701;12.233300
'95694';49.966702;11.850000
'95695';49.916698;12.533300
'95697';49.983299;11.916700
'95698';49.983299;12.450000
'95700';49.933300;11.966700
'95701';49.966702;12.166700
'95703';49.783298;12.316700
'95704';49.933300;12.000000
'95706';50.083302;12.233300
'95707';50.083302;12.133300
'95709';50.016701;11.950000
'96047';49.866699;10.866700
'96049';49.866699;10.866700
'96050';49.866699;10.866700
'96052';49.866699;10.866700
'96103';49.933300;10.883300
'96106';50.083302;10.800000
'96110';49.976700;11.033900
'96114';49.819401;10.990800
'96117';49.933300;10.950000
'96120';49.916698;10.833300
'96123';49.914398;11.010300
'96126';50.216702;10.616700
'96129';49.833302;10.983300
'96132';49.766701;10.633300
'96135';49.866699;10.833300
'96138';49.833302;10.750000
'96142';49.938599;11.292500
'96145';50.183300;10.850000
'96146';49.799999;11.016700
'96148';49.983299;10.850000
'96149';49.950001;10.866700
'96151';50.016701;10.700000
'96152';49.733299;10.600000
'96154';49.833302;10.600000
'96155';49.799999;11.033300
'96157';49.833302;10.500000
'96158';49.816700;10.866700
'96160';49.766701;10.466700
'96161';50.033298;10.800000
'96163';49.933300;10.916700
'96164';49.950001;10.866700
'96166';50.049999;10.716700
'96167';49.950001;11.166700
'96169';49.966702;10.783300
'96170';49.883301;10.733300
'96172';49.750000;10.783300
'96173';49.933300;10.816700
'96175';49.833302;10.933300
'96176';50.150002;10.733300
'96178';49.766701;10.816700
'96179';50.016701;10.883300
'96181';49.883301;10.616700
'96182';50.016701;10.833300
'96184';50.066700;10.800000
'96185';49.866699;10.700000
'96187';50.000000;11.200000
'96188';49.966702;10.716700
'96190';50.133301;10.850000
'96191';49.933300;10.783300
'96193';49.750000;10.716700
'96194';49.866699;10.783300
'96196';50.033298;11.133300
'96197';49.983299;11.300000
'96199';50.033298;10.933300
'96215';50.150002;11.066700
'96224';50.133301;11.250000
'96231';50.099998;10.983300
'96237';50.333302;11.150000
'96242';50.216702;11.133300
'96247';50.166698;11.116700
'96250';50.066700;10.950000
'96253';50.200001;10.966700
'96257';50.183300;11.200000
'96260';50.083302;11.233300
'96264';50.133301;11.250000
'96268';50.250000;11.216700
'96269';50.183300;10.950000
'96271';50.233299;11.016700
'96272';50.150002;11.166700
'96274';50.150002;10.900000
'96275';50.166698;11.183300
'96277';50.216702;11.200000
'96279';50.200001;11.133300
'96317';50.233299;11.316700
'96328';50.200001;11.283300
'96332';50.349998;11.316700
'96337';50.483299;11.400000
'96342';50.299999;11.266700
'96346';50.266701;11.466700
'96349';50.299999;11.466700
'96352';50.299999;11.366700
'96355';50.466702;11.250000
'96358';50.416698;11.416700
'96361';50.433300;11.366700
'96364';50.250000;11.383300
'96365';50.366699;11.500000
'96367';50.400002;11.450000
'96369';50.200001;11.350000
'96450';50.266701;10.966700
'96465';50.316700;11.116700
'96472';50.283298;11.066700
'96476';50.333302;10.783300
'96479';50.250000;10.883300
'96482';50.233299;10.950000
'96484';50.316700;10.916700
'96486';50.333302;10.966700
'96487';50.283298;11.000000
'96489';50.216702;10.983300
'96515';50.400002;11.216700
'96523';50.450001;11.225000
'96524';50.349998;11.216700
'96528';50.416698;10.983300
'96529';50.400002;11.116700
'97070';49.787800;9.936110
'97072';49.787800;9.936110
'97074';49.787800;9.936110
'97076';49.787800;9.936110
'97078';49.787800;9.936110
'97080';49.787800;9.936110
'97082';49.787800;9.936110
'97084';49.787800;9.936110
'97199';49.650002;10.083300
'97204';49.783298;9.881940
'97209';49.832802;9.881670
'97215';49.533298;10.133300
'97218';49.775299;9.993610
'97222';49.856400;9.958330
'97225';49.897800;9.817220
'97228';49.799999;10.033300
'97230';49.833302;10.016700
'97232';49.654202;9.947780
'97234';49.731701;9.918330
'97236';49.759399;9.982500
'97237';49.716702;9.750000
'97239';49.549999;10.066700
'97241';49.900002;10.066700
'97243';49.516701;10.000000
'97244';49.599998;9.883330
'97246';49.733299;10.000000
'97247';49.883301;10.166700
'97249';49.759701;9.831110
'97250';49.859699;9.844170
'97252';49.666698;10.083300
'97253';49.633301;10.000000
'97255';49.566700;10.016700
'97256';49.683601;9.902220
'97258';49.566700;10.200000
'97259';49.816700;9.766670
'97261';49.869701;9.905000
'97262';49.933300;10.016700
'97264';49.761101;9.710000
'97265';49.799400;9.815000
'97267';49.923901;9.801670
'97268';49.650002;9.866670
'97270';49.742802;9.843890
'97271';49.700298;9.844720
'97273';49.849998;10.033300
'97274';49.861900;9.804860
'97276';49.837502;9.863890
'97277';49.729698;9.671110
'97279';49.866699;10.133300
'97280';49.804699;9.694440
'97282';49.912498;9.881940
'97283';49.557201;9.978060
'97285';49.510300;9.971110
'97286';49.700001;10.033300
'97288';49.750000;10.033300
'97289';49.942200;9.859440
'97291';49.878300;9.849170
'97292';49.781399;9.680280
'97294';49.866699;10.050000
'97295';49.758598;9.803610
'97297';49.788300;9.846670
'97299';49.810001;9.869720
'97318';49.766701;10.083300
'97320';49.766701;10.166700
'97332';49.866699;10.233300
'97334';49.849998;10.183300
'97337';49.799999;10.183300
'97340';49.650002;10.166700
'97342';49.700001;10.116700
'97346';49.683300;10.283300
'97348';49.683300;10.300000
'97350';49.709999;10.216700
'97353';49.799999;10.350000
'97355';49.766701;10.366700
'97357';49.816700;10.350000
'97359';49.799999;10.233300
'97421';50.049999;10.233300
'97422';50.049999;10.233300
'97424';50.049999;10.233300
'97437';50.033298;10.500000
'97440';49.983299;10.100000
'97447';49.883301;10.316700
'97453';50.049999;10.316700
'97456';50.083302;10.216700
'97461';50.133301;10.533300
'97464';50.066700;10.183300
'97469';50.016701;10.283300
'97475';50.016701;10.600000
'97478';49.983299;10.550000
'97483';49.966702;10.666700
'97486';50.083302;10.583300
'97488';50.183300;10.366700
'97490';50.099998;10.150000
'97491';50.150002;10.433300
'97493';50.000000;10.183300
'97494';50.216702;10.516700
'97496';50.133301;10.650000
'97497';49.900002;10.400000
'97499';49.966702;10.416700
'97500';49.983299;10.683300
'97502';50.066700;10.133300
'97503';50.033298;10.350000
'97505';50.049999;10.150000
'97506';50.000000;10.200000
'97508';49.983299;10.316700
'97509';49.916698;10.233300
'97511';49.866699;10.333300
'97513';49.900002;10.433300
'97514';49.927101;10.633300
'97516';49.866699;10.416700
'97517';50.166698;10.216700
'97519';50.099998;10.466700
'97520';49.983299;10.216700
'97522';49.983299;10.600000
'97523';49.916698;10.133300
'97525';49.983299;10.250000
'97526';50.033298;10.266700
'97528';50.233299;10.566700
'97529';49.950001;10.333300
'97531';50.011101;10.427800
'97532';50.083302;10.266700
'97534';49.950001;10.133300
'97535';50.099998;10.033300
'97537';49.916698;10.166700
'97539';50.016701;10.466700
'97616';50.333302;10.216700
'97618';50.349998;10.250000
'97631';50.299999;10.483300
'97633';50.333302;10.433300
'97638';50.433300;10.316700
'97640';50.400002;10.350000
'97645';50.466702;10.216700
'97647';50.505600;10.125000
'97650';50.516701;10.150000
'97653';50.400002;10.016700
'97654';50.400002;10.200000
'97656';50.433300;10.133300
'97657';50.349998;10.000000
'97659';50.383301;10.100000
'97688';50.200001;10.083300
'97702';50.250000;10.183300
'97705';50.266701;10.000000
'97708';50.266701;10.083300
'97711';50.183300;10.283300
'97714';50.150002;10.133300
'97717';50.166698;10.000000
'97720';50.221699;10.125000
'97723';50.200001;9.966670
'97724';50.266701;10.183300
'97725';50.150002;9.966670
'97727';50.099998;9.933330
'97729';50.133301;10.066700
'97737';50.049999;9.700000
'97753';49.960300;9.772220
'97762';50.116699;9.900000
'97769';50.299999;9.800000
'97772';50.366699;9.916670
'97773';50.183300;9.566670
'97775';50.150002;9.650000
'97776';49.983299;9.816670
'97778';50.150002;9.583330
'97779';50.283298;9.900000
'97780';50.016701;9.783330
'97782';50.116699;9.750000
'97783';50.049999;9.783330
'97785';50.200001;9.616670
'97786';50.400002;9.766670
'97788';50.033298;9.650000
'97789';50.283298;9.800000
'97791';50.216702;9.616670
'97792';50.316700;9.850000
'97794';50.099998;9.650000
'97795';50.266701;9.866670
'97797';50.166698;9.783330
'97799';50.266701;9.666670
'97816';49.993599;9.578330
'97828';49.844200;9.603890
'97833';50.066700;9.466670
'97834';49.858601;9.695560
'97836';49.870300;9.489170
'97837';49.819401;9.628890
'97839';49.855301;9.525830
'97840';49.869400;9.602220
'97842';49.867500;9.638890
'97843';50.000000;9.416670
'97845';49.930801;9.567500
'97846';50.049999;9.516670
'97848';49.983101;9.508330
'97849';49.895599;9.626390
'97851';49.890598;9.591390
'97852';49.834999;9.463890
'97854';49.952801;9.669440
'97855';49.800598;9.606740
'97857';49.900299;9.674170
'97859';50.033298;9.433330
'97877';49.757500;9.509440
'97892';49.767200;9.518330
'97896';49.744999;9.329170
'97900';49.669701;9.522500
'97901';49.826500;9.409280
'97903';49.763100;9.329350
'97904';49.780602;9.380280
'97906';49.785301;9.444170
'97907';49.791901;9.493610
'97909';49.788101;9.413610
'97922';49.565300;9.704170
'97941';49.624699;9.662780
'97944';49.481400;9.640280
'97947';49.608299;9.743890
'97950';49.650002;9.750000
'97953';49.620300;9.595830
'97956';49.670799;9.639440
'97957';49.619202;9.842220
'97959';49.428101;9.686110
'97980';49.492500;9.773610
'97990';49.480598;9.905000
'97993';49.466702;10.033300
'97996';49.400002;9.919440
'97999';49.494400;9.816940
'98527';50.599998;10.700000
'98528';50.599998;10.700000
'98529';50.599998;10.700000
'98530';50.583302;10.533300
'98544';50.650002;10.650000
'98547';50.666698;10.483300
'98553';50.533298;10.683300
'98554';50.650002;10.600000
'98559';50.683300;10.800000
'98574';50.716702;10.450000
'98587';50.700001;10.533300
'98590';50.716702;10.250000
'98593';50.759998;10.486700
'98596';50.783298;10.416700
'98597';50.766701;10.333300
'98599';50.833302;10.433300
'98617';50.500000;10.400000
'98631';50.416698;10.416700
'98634';50.599998;10.200000
'98639';50.650002;10.433300
'98646';50.433300;10.600000
'98660';50.466702;10.600000
'98663';50.275002;10.766700
'98666';50.516701;10.983300
'98667';50.523300;10.866700
'98669';50.333302;10.616700
'98673';50.466702;10.850000
'98678';50.450001;10.950000
'98693';50.683300;10.900000
'98701';50.566700;10.966700
'98704';50.666698;10.983300
'98708';50.650002;11.000000
'98711';50.583302;10.850000
'98714';50.633301;10.866700
'98716';50.700001;10.850000
'98724';50.466702;11.166700
'98739';50.516701;11.183300
'98743';50.533298;11.300000
'98744';50.566700;11.133300
'98746';50.516701;11.000000
'98749';50.500000;11.066700
'99084';50.983299;11.033300
'99085';50.983299;11.033300
'99086';50.983299;11.033300
'99087';50.983299;11.033300
'99089';50.983299;11.033300
'99091';50.983299;11.033300
'99092';50.983299;11.033300
'99094';50.983299;11.033300
'99096';50.983299;11.033300
'99097';50.983299;11.033300
'99099';50.983299;11.033300
'99100';51.016701;10.850000
'99102';50.916698;11.150000
'99189';51.083302;10.916700
'99192';50.900002;10.883300
'99195';51.099998;11.050000
'99198';51.033298;11.133300
'99310';50.849998;11.033300
'99326';50.733299;11.083300
'99330';50.783298;10.783300
'99334';50.866699;11.083300
'99338';50.750000;10.866700
'99423';50.983299;11.316700
'99425';50.983299;11.316700
'99427';50.983299;11.316700
'99428';50.950001;11.200000
'99438';50.900002;11.283300
'99439';51.049999;11.216700
'99441';50.916698;11.483300
'99444';50.849998;11.350000
'99448';50.883301;11.166700
'99510';51.016701;11.500000
'99518';51.099998;11.583300
'99610';51.116699;11.316700
'99625';51.233299;11.250000
'99628';51.116699;11.416700
'99631';51.216702;11.066700
'99634';51.183300;10.933300
'99636';51.200001;11.333300
'99638';51.250000;11.150000
'99706';51.400002;10.966700
'99713';51.250000;10.766700
'99718';51.216702;10.933300
'99734';51.516701;10.800000
'99735';51.500000;10.616700
'99752';51.466702;10.600000
'99755';51.583302;10.650000
'99759';51.416698;10.650000
'99762';51.533298;10.866700
'99765';51.433300;10.933300
'99768';51.583302;10.783300
'99817';50.983299;10.316700
'99819';50.883301;10.233300
'99826';51.049999;10.383300
'99830';51.133301;10.233300
'99831';51.049999;10.250000
'99834';50.966702;10.066700
'99837';50.950001;10.083300
'99842';50.883301;10.366700
'99846';50.916698;10.416700
'99848';50.972198;10.418500
'99867';50.950001;10.716700
'99869';51.033298;10.716700
'99880';50.950001;10.600000
'99885';50.783298;10.733300
'99887';50.816700;10.666700
'99891';50.891701;10.458300
'99894';50.866699;10.616700
'99897';50.799999;10.616700
'99898';50.833302;10.583300
'99947';51.099998;10.650000
'99955';51.150002;10.833300
'99958';51.116699;10.783300
'99974';51.216702;10.450000
'99976';51.266701;10.333300
'99986';51.133301;10.483300
'99988';51.166698;10.316700
'99991';51.166698;10.566700
'99994';51.233299;10.683300
'99996';51.299999;10.550000
'99998';51.233299;10.600000