# Default table data for the following tables:
#  -geodesic_auctions_feedback_icons
#  -geodesic_auctions_final_fee_price_increments
#  -geodesic_auctions_increments
#  -geodesic_browsing_filters_settings
#  -geodesic_browsing_filters_settings_languages
#  -geodesic_categories
#  -geodesic_categories_languages
#  -geodesic_choices
#  -geodesic_classifieds_ad_configuration
#  -geodesic_classifieds_configuration
#  -geodesic_classifieds_price_increments
#  -geodesic_classifieds_price_plans
#  -geodesic_classifieds_sell_questions
#  -geodesic_classifieds_sell_question_choices
#  -geodesic_classifieds_sell_questions_languages
#  -geodesic_classifieds_sell_question_types
#  -geodesic_classifieds_subscription_choices
#  -geodesic_cron
#  -geodesic_fields
#  -geodesic_field_locations
#  -geodesic_file_types
#  -geodesic_groups
#  -geodesic_leveled_fields
#  -geodesic_leveled_field_level
#  -geodesic_leveled_field_level_labels
#  -geodesic_leveled_field_value
#  -geodesic_leveled_field_value_languages
#  -geodesic_logins
#  -geodesic_master
#  -geodesic_html_allowed
#  -geodesic_payment_gateway
#  -geodesic_registration_configuration
#  -geodesic_site_settings
#  -geodesic_userdata
#  -geodesic_user_groups_price_plans
#  -geodesic_version


--
-- Dumping data for table `geodesic_auctions_feedback_icons`
--

INSERT INTO `geodesic_auctions_feedback_icons` (`filename`, `icon_num`, `begin`, `end`) VALUES
('images/feedback/fb_star_12.gif', 9, 10000, 100000000),
('images/feedback/fb_star_11.gif', 8, 7500, 9999),
('images/feedback/fb_star_10.gif', 7, 5000, 7499),
('images/feedback/fb_star_9.gif', 6, 2500, 4999),
('images/feedback/fb_star_8.gif', 5, 1000, 2499),
('images/feedback/fb_star_7.gif', 4, 500, 999),
('images/feedback/fb_star_6.gif', 3, 250, 499),
('images/feedback/fb_star_5.gif', 2, 100, 249),
('images/feedback/fb_star_2.gif', 0, 0, 0),
('images/feedback/fb_star_1.gif', 0, -1, 0),
('images/feedback/fb_star_4.gif', 1, 50, 99),
('images/feedback/fb_star_3.gif', 0, 1, 49);

--
-- Dumping data for table `geodesic_auctions_final_fee_price_increments`
--

INSERT INTO `geodesic_auctions_final_fee_price_increments` (`price_plan_id`, `low`, `high`, `charge`, `charge_fixed`) VALUES
(15, 0.01, 100000000.00, 10.00, 0.00);

--
-- Dumping data for table `geodesic_auctions_increments`
--

INSERT INTO `geodesic_auctions_increments` (`low`, `increment`) VALUES
(0.00, 5.00);

--
-- Dumping data for table `geodesic_browsing_filters_settings`
--

INSERT INTO `geodesic_browsing_filters_settings` (`category`, `field`, `enabled`, `dependency`, `display_order`) VALUES
(0, 'optional_field_20', 0, '', 0),
(0, 'price', 0, '', 0),
(15, 'cs_101', 0, '', 0),
(15, 'cs_102', 0, '', 0),
(15, 'cs_103', 0, '', 0),
(15, 'cs_104', 0, '', 0),
(15, 'cs_105', 0, '', 0),
(15, 'cs_106', 0, '', 0),
(15, 'cs_107', 0, '', 0),
(15, 'cs_147', 0, '', 0),
(15, 'cs_148', 0, '', 0),
(15, 'cs_149', 0, '', 0),
(15, 'cs_150', 0, '', 0),
(15, 'cs_151', 0, '', 0),
(15, 'cs_152', 0, '', 0),
(15, 'cs_153', 0, '', 0),
(15, 'cs_154', 0, '', 0),
(15, 'cs_156', 0, '', 0),
(15, 'cs_157', 0, '', 0),
(15, 'cs_158', 0, '', 0),
(15, 'cs_159', 0, '', 0),
(15, 'cs_160', 0, '', 0),
(15, 'cs_161', 0, '', 0),
(15, 'cs_162', 0, '', 0),
(15, 'cs_163', 0, '', 0),
(15, 'cs_164', 0, '', 0),
(15, 'cs_165', 0, '', 0),
(15, 'cs_166', 0, '', 0),
(15, 'cs_92', 1, '', 0),
(15, 'cs_93', 1, 'cs_92', 0),
(15, 'cs_94', 1, '', 0),
(15, 'cs_95', 1, '', 0),
(15, 'cs_96', 1, '', 0),
(15, 'cs_97', 1, '', 0),
(15, 'cs_98', 1, '', 0),
(15, 'cs_99', 1, '', 0),
(15, 'optional_field_20', 0, '', 0),
(15, 'price', 1, '', 0),
(16, 'cs_114', 1, '', 0),
(16, 'cs_115', 1, '', 0),
(16, 'cs_116', 0, '', 0),
(16, 'cs_117', 0, '', 0),
(16, 'cs_119', 0, '', 0),
(16, 'cs_120', 0, '', 0),
(16, 'cs_121', 1, '', 0),
(16, 'cs_122', 0, '', 0),
(16, 'cs_123', 0, '', 0),
(16, 'cs_124', 1, '', 0),
(16, 'cs_125', 0, '', 0),
(16, 'cs_126', 0, '', 0),
(16, 'cs_127', 0, '', 0),
(16, 'cs_129', 0, '', 0),
(16, 'cs_130', 0, '', 0),
(16, 'cs_131', 0, '', 0),
(16, 'cs_132', 0, '', 0),
(16, 'cs_133', 0, '', 0),
(16, 'cs_134', 0, '', 0),
(16, 'cs_135', 0, '', 0),
(16, 'cs_136', 0, '', 0),
(16, 'cs_139', 0, '', 0),
(16, 'cs_140', 0, '', 0),
(16, 'cs_141', 0, '', 0),
(16, 'cs_142', 0, '', 0),
(16, 'cs_143', 0, '', 0),
(16, 'cs_145', 0, '', 0),
(16, 'cs_146', 0, '', 0),
(16, 'price', 1, '', 0),
(310, 'cs_167', 0, '', 0),
(310, 'cs_168', 0, '', 0),
(310, 'cs_169', 0, '', 0),
(310, 'cs_171', 0, '', 0),
(310, 'optional_field_20', 0, '', 0),
(310, 'price', 0, '', 0),
(360, 'cs_170', 1, '', 0),
(360, 'leveled_1_1', 0, '', 0),
(360, 'leveled_1_2', 0, 'leveled_1_1', 0),
(360, 'leveled_1_3', 0, 'leveled_1_2', 0),
(360, 'leveled_2_1', 0, '', 0),
(360, 'optional_field_1', 1, '', 0),
(360, 'optional_field_20', 0, '', 0),
(360, 'price', 0, '', 0);

INSERT INTO `geodesic_browsing_filters_settings_languages` (`category`, `field`, `language`, `name`) VALUES
(0, 'optional_field_20', 1, ''),
(0, 'price', 1, ''),
(15, 'cs_101', 1, ''),
(15, 'cs_102', 1, ''),
(15, 'cs_103', 1, ''),
(15, 'cs_104', 1, ''),
(15, 'cs_105', 1, ''),
(15, 'cs_106', 1, ''),
(15, 'cs_107', 1, ''),
(15, 'cs_147', 1, ''),
(15, 'cs_148', 1, ''),
(15, 'cs_149', 1, ''),
(15, 'cs_150', 1, ''),
(15, 'cs_151', 1, ''),
(15, 'cs_152', 1, ''),
(15, 'cs_153', 1, ''),
(15, 'cs_154', 1, ''),
(15, 'cs_156', 1, ''),
(15, 'cs_157', 1, ''),
(15, 'cs_158', 1, ''),
(15, 'cs_159', 1, ''),
(15, 'cs_160', 1, ''),
(15, 'cs_161', 1, ''),
(15, 'cs_162', 1, ''),
(15, 'cs_163', 1, ''),
(15, 'cs_164', 1, ''),
(15, 'cs_165', 1, ''),
(15, 'cs_166', 1, ''),
(15, 'cs_92', 1, 'Make'),
(15, 'cs_93', 1, 'Model'),
(15, 'cs_94', 1, 'Year'),
(15, 'cs_95', 1, 'Condition'),
(15, 'cs_96', 1, 'Transmission'),
(15, 'cs_97', 1, 'Cylinders'),
(15, 'cs_98', 1, 'Interior+Color'),
(15, 'cs_99', 1, 'Exterior+Color'),
(15, 'optional_field_20', 1, ''),
(15, 'price', 1, 'Price'),
(16, 'cs_114', 1, 'Bedrooms'),
(16, 'cs_115', 1, 'Bathrooms'),
(16, 'cs_116', 1, ''),
(16, 'cs_117', 1, ''),
(16, 'cs_119', 1, ''),
(16, 'cs_120', 1, ''),
(16, 'cs_121', 1, 'Two+Story'),
(16, 'cs_122', 1, ''),
(16, 'cs_123', 1, ''),
(16, 'cs_124', 1, 'Garage+Spaces'),
(16, 'cs_125', 1, ''),
(16, 'cs_126', 1, ''),
(16, 'cs_127', 1, ''),
(16, 'cs_129', 1, ''),
(16, 'cs_130', 1, ''),
(16, 'cs_131', 1, ''),
(16, 'cs_132', 1, ''),
(16, 'cs_133', 1, ''),
(16, 'cs_134', 1, ''),
(16, 'cs_135', 1, ''),
(16, 'cs_136', 1, ''),
(16, 'cs_139', 1, ''),
(16, 'cs_140', 1, ''),
(16, 'cs_141', 1, ''),
(16, 'cs_142', 1, ''),
(16, 'cs_143', 1, ''),
(16, 'cs_145', 1, ''),
(16, 'cs_146', 1, ''),
(16, 'price', 1, 'Price'),
(310, 'cs_167', 1, ''),
(310, 'cs_168', 1, ''),
(310, 'cs_169', 1, ''),
(310, 'cs_171', 1, ''),
(310, 'optional_field_20', 1, ''),
(310, 'price', 1, ''),
(360, 'cs_170', 1, ''),
(360, 'optional_field_1', 1, ''),
(360, 'optional_field_20', 1, ''),
(360, 'price', 1, '');

--
-- Dumping data for table `geodesic_categories`
--

INSERT INTO `geodesic_categories` (`category_id`, `parent_id`, `level`, `enabled`, `display_order`, `category_count`, `auction_category_count`, `what_fields_to_use`, `display_ad_description_where`, `display_all_of_description`, `length_of_description`, `default_display_order_while_browsing_category`, `listing_types_allowed`, `use_auto_title`, `auto_title`, `which_head_html`, `front_page_display`) VALUES
(12, 0, 1, 'yes', 300, 0, 0, 'own', 0, 0, 500, 0, 0, 0, '0', 'parent', 'yes'),
(15, 310, 2, 'yes', 5, 0, 0, 'site', 0, 1, 500, 0, 0, 0, '0', 'parent', 'yes'),
(16, 0, 1, 'yes', 200, 0, 0, 'own', 1, 0, 500, 0, 0, 0, '0', 'parent', 'yes'),
(17, 0, 1, 'yes', 450, 0, 0, 'own', 0, 0, 500, 0, 0, 0, '0', 'parent', 'yes'),
(196, 15, 3, 'yes', 5, 0, 0, 'parent', 0, 0, 0, 0, 0, 0, '0', 'parent', 'yes'),
(197, 196, 4, 'yes', 2, 0, 0, 'parent', 0, 0, 0, 0, 0, 0, '0', 'parent', 'yes'),
(198, 196, 4, 'yes', 4, 0, 0, 'parent', 0, 0, 0, 0, 0, 0, '0', 'parent', 'yes'),
(199, 196, 4, 'yes', 6, 0, 0, 'parent', 0, 0, 0, 0, 0, 0, '0', 'parent', 'yes'),
(200, 196, 4, 'yes', 8, 0, 0, 'parent', 0, 0, 0, 0, 0, 0, '0', 'parent', 'yes'),
(201, 196, 4, 'yes', 10, 0, 0, 'parent', 0, 0, 0, 0, 0, 0, '0', 'parent', 'yes'),
(202, 15, 3, 'yes', 10, 0, 0, 'parent', 0, 0, 0, 0, 0, 0, '0', 'parent', 'yes'),
(203, 202, 4, 'yes', 2, 0, 0, 'parent', 0, 0, 0, 0, 0, 0, '0', 'parent', 'yes'),
(204, 202, 4, 'yes', 4, 0, 0, 'parent', 0, 0, 0, 0, 0, 0, '0', 'parent', 'yes'),
(205, 202, 4, 'yes', 6, 0, 0, 'parent', 0, 0, 0, 0, 0, 0, '0', 'parent', 'yes'),
(206, 15, 3, 'yes', 15, 0, 0, 'parent', 0, 0, 0, 0, 0, 0, '0', 'parent', 'yes'),
(207, 206, 4, 'yes', 2, 0, 0, 'parent', 0, 0, 0, 0, 0, 0, '0', 'parent', 'yes'),
(208, 206, 4, 'yes', 4, 0, 0, 'parent', 0, 0, 0, 0, 0, 0, '0', 'parent', 'yes'),
(209, 206, 4, 'yes', 6, 0, 0, 'parent', 0, 0, 0, 0, 0, 0, '0', 'parent', 'yes'),
(210, 206, 4, 'yes', 8, 0, 0, 'parent', 0, 0, 0, 0, 0, 0, '0', 'parent', 'yes'),
(211, 206, 4, 'yes', 10, 0, 0, 'parent', 0, 0, 0, 0, 0, 0, '0', 'parent', 'yes'),
(212, 15, 3, 'yes', 20, 0, 0, 'parent', 0, 0, 0, 0, 0, 0, '0', 'parent', 'yes'),
(213, 212, 4, 'yes', 2, 0, 0, 'parent', 0, 0, 0, 0, 0, 0, '0', 'parent', 'yes'),
(214, 212, 4, 'yes', 4, 0, 0, 'parent', 0, 0, 0, 0, 0, 0, '0', 'parent', 'yes'),
(215, 15, 3, 'yes', 30, 0, 0, 'parent', 0, 0, 0, 0, 0, 0, '0', 'parent', 'yes'),
(216, 215, 4, 'yes', 2, 0, 0, 'parent', 0, 0, 0, 0, 0, 0, '0', 'parent', 'yes'),
(217, 215, 4, 'yes', 4, 0, 0, 'parent', 0, 0, 0, 0, 0, 0, '0', 'parent', 'yes'),
(218, 215, 4, 'yes', 6, 0, 0, 'parent', 0, 0, 0, 0, 0, 0, '0', 'parent', 'yes'),
(219, 215, 4, 'yes', 8, 0, 0, 'parent', 0, 0, 0, 0, 0, 0, '0', 'parent', 'yes'),
(220, 15, 3, 'yes', 25, 0, 0, 'parent', 0, 0, 0, 0, 0, 0, '0', 'parent', 'yes'),
(221, 220, 4, 'yes', 2, 0, 0, 'parent', 0, 0, 0, 0, 0, 0, '0', 'parent', 'yes'),
(222, 220, 4, 'yes', 4, 0, 0, 'parent', 0, 0, 0, 0, 0, 0, '0', 'parent', 'yes'),
(223, 220, 4, 'yes', 6, 0, 0, 'parent', 0, 0, 0, 0, 0, 0, '0', 'parent', 'yes'),
(224, 16, 2, 'yes', 2, 0, 0, 'parent', 0, 0, 0, 0, 0, 0, '0', 'parent', 'yes'),
(225, 16, 2, 'yes', 4, 0, 0, 'parent', 0, 0, 0, 0, 0, 0, '0', 'parent', 'yes'),
(226, 16, 2, 'yes', 6, 0, 0, 'parent', 0, 0, 0, 0, 0, 0, '0', 'parent', 'yes'),
(227, 16, 2, 'yes', 8, 0, 0, 'parent', 0, 0, 0, 0, 0, 0, '0', 'parent', 'yes'),
(228, 16, 2, 'yes', 10, 0, 0, 'parent', 0, 0, 0, 0, 0, 0, '0', 'parent', 'yes'),
(229, 16, 2, 'yes', 12, 0, 0, 'parent', 0, 0, 0, 0, 0, 0, '0', 'parent', 'yes'),
(230, 16, 2, 'yes', 30, 0, 0, 'parent', 0, 0, 0, 0, 0, 0, '0', 'parent', 'yes'),
(231, 16, 2, 'yes', 25, 0, 0, 'parent', 0, 0, 0, 0, 0, 0, '0', 'parent', 'yes'),
(232, 0, 1, 'yes', 50, 0, 0, 'parent', 0, 0, 0, 0, 0, 0, '0', 'parent', 'yes'),
(233, 0, 1, 'yes', 100, 0, 0, 'parent', 0, 0, 0, 0, 0, 0, '0', 'parent', 'yes'),
(234, 0, 1, 'yes', 250, 0, 0, 'parent', 0, 0, 0, 0, 0, 0, '0', 'parent', 'yes'),
(235, 0, 1, 'yes', 400, 0, 0, 'parent', 0, 0, 0, 0, 0, 0, '0', 'parent', 'yes'),
(236, 232, 2, 'yes', 50, 0, 0, 'parent', 0, 0, 0, 0, 0, 0, '0', 'parent', 'yes'),
(237, 232, 2, 'yes', 40, 0, 0, 'parent', 0, 0, 0, 0, 0, 0, '0', 'parent', 'yes'),
(238, 232, 2, 'yes', 60, 0, 0, 'parent', 0, 0, 0, 0, 0, 0, '0', 'parent', 'yes'),
(239, 232, 2, 'yes', 70, 0, 0, 'parent', 0, 0, 0, 0, 0, 0, '0', 'parent', 'yes'),
(240, 232, 2, 'yes', 80, 0, 0, 'parent', 0, 0, 0, 0, 0, 0, '0', 'parent', 'yes'),
(241, 232, 2, 'yes', 120, 0, 0, 'parent', 0, 0, 0, 0, 0, 0, '0', 'parent', 'yes'),
(242, 232, 2, 'yes', 150, 0, 0, 'parent', 0, 0, 0, 0, 0, 0, '0', 'parent', 'yes'),
(243, 232, 2, 'yes', 170, 0, 0, 'parent', 0, 0, 0, 0, 0, 0, '0', 'parent', 'yes'),
(244, 232, 2, 'yes', 210, 0, 0, 'parent', 0, 0, 0, 0, 0, 0, '0', 'parent', 'yes'),
(245, 232, 2, 'yes', 190, 0, 0, 'parent', 0, 0, 0, 0, 0, 0, '0', 'parent', 'yes'),
(246, 232, 2, 'yes', 250, 0, 0, 'parent', 0, 0, 0, 0, 0, 0, '0', 'parent', 'yes'),
(247, 232, 2, 'yes', 300, 0, 0, 'parent', 0, 0, 0, 0, 0, 0, '0', 'parent', 'yes'),
(248, 232, 2, 'yes', 350, 0, 0, 'parent', 0, 0, 0, 0, 0, 0, '0', 'parent', 'yes'),
(249, 232, 2, 'yes', 370, 0, 0, 'parent', 0, 0, 0, 0, 0, 0, '0', 'parent', 'yes'),
(250, 232, 2, 'yes', 450, 0, 0, 'parent', 0, 0, 0, 0, 0, 0, '0', 'parent', 'yes'),
(251, 232, 2, 'yes', 475, 0, 0, 'parent', 0, 0, 0, 0, 0, 0, '0', 'parent', 'yes'),
(252, 232, 2, 'yes', 470, 0, 0, 'parent', 0, 0, 0, 0, 0, 0, '0', 'parent', 'yes'),
(253, 233, 2, 'yes', 10, 0, 0, 'parent', 0, 0, 0, 0, 0, 0, '0', 'parent', 'yes'),
(254, 233, 2, 'yes', 40, 0, 0, 'parent', 0, 0, 0, 0, 0, 0, '0', 'parent', 'yes'),
(255, 233, 2, 'yes', 70, 0, 0, 'parent', 0, 0, 0, 0, 0, 0, '0', 'parent', 'yes'),
(256, 233, 2, 'yes', 100, 0, 0, 'parent', 0, 0, 0, 0, 0, 0, '0', 'parent', 'yes'),
(257, 233, 2, 'yes', 60, 0, 0, 'parent', 0, 0, 0, 0, 0, 0, '0', 'parent', 'yes'),
(258, 233, 2, 'yes', 490, 0, 0, 'parent', 0, 0, 0, 0, 0, 0, '0', 'parent', 'yes'),
(259, 233, 2, 'yes', 450, 0, 0, 'parent', 0, 0, 0, 0, 0, 0, '0', 'parent', 'yes'),
(260, 233, 2, 'yes', 350, 0, 0, 'parent', 0, 0, 0, 0, 0, 0, '0', 'parent', 'yes'),
(262, 233, 2, 'yes', 50, 0, 0, 'parent', 0, 0, 0, 0, 0, 0, '0', 'parent', 'yes'),
(263, 234, 2, 'yes', 20, 0, 0, 'parent', 0, 0, 0, 0, 0, 0, '0', 'parent', 'yes'),
(264, 234, 2, 'yes', 40, 0, 0, 'parent', 0, 0, 0, 0, 0, 0, '0', 'parent', 'yes'),
(265, 234, 2, 'yes', 60, 0, 0, 'parent', 0, 0, 0, 0, 0, 0, '0', 'parent', 'yes'),
(266, 234, 2, 'yes', 80, 0, 0, 'parent', 0, 0, 0, 0, 0, 0, '0', 'parent', 'yes'),
(267, 234, 2, 'yes', 100, 0, 0, 'parent', 0, 0, 0, 0, 0, 0, '0', 'parent', 'yes'),
(268, 234, 2, 'yes', 140, 0, 0, 'parent', 0, 0, 0, 0, 0, 0, '0', 'parent', 'yes'),
(269, 234, 2, 'yes', 180, 0, 0, 'parent', 0, 0, 0, 0, 0, 0, '0', 'parent', 'yes'),
(270, 234, 2, 'yes', 120, 0, 0, 'parent', 0, 0, 0, 0, 0, 0, '0', 'parent', 'yes'),
(271, 234, 2, 'yes', 160, 0, 0, 'parent', 0, 0, 0, 0, 0, 0, '0', 'parent', 'yes'),
(272, 12, 2, 'yes', 350, 0, 0, 'parent', 0, 0, 0, 0, 0, 0, '0', 'parent', 'yes'),
(273, 12, 2, 'yes', 10, 0, 0, 'parent', 0, 0, 0, 0, 0, 0, '0', 'parent', 'yes'),
(274, 12, 2, 'yes', 50, 0, 0, 'parent', 0, 0, 0, 0, 0, 0, '0', 'parent', 'yes'),
(275, 12, 2, 'yes', 250, 0, 0, 'parent', 0, 0, 0, 0, 0, 0, '0', 'parent', 'yes'),
(276, 12, 2, 'yes', 450, 0, 0, 'parent', 0, 0, 0, 0, 0, 0, '0', 'parent', 'yes'),
(277, 12, 2, 'yes', 150, 0, 0, 'parent', 0, 0, 0, 0, 0, 0, '0', 'parent', 'yes'),
(278, 17, 2, 'yes', 20, 0, 0, 'parent', 0, 0, 0, 0, 0, 0, '0', 'parent', 'yes'),
(279, 17, 2, 'yes', 40, 0, 0, 'parent', 0, 0, 0, 0, 0, 0, '0', 'parent', 'yes'),
(280, 17, 2, 'yes', 60, 0, 0, 'parent', 0, 0, 0, 0, 0, 0, '0', 'parent', 'yes'),
(282, 17, 2, 'yes', 80, 0, 0, 'parent', 0, 0, 0, 0, 0, 0, '0', 'parent', 'yes'),
(283, 235, 2, 'yes', 10, 0, 0, 'parent', 0, 0, 0, 0, 0, 0, '0', 'parent', 'yes'),
(284, 235, 2, 'yes', 20, 0, 0, 'parent', 0, 0, 0, 0, 0, 0, '0', 'parent', 'yes'),
(285, 235, 2, 'yes', 30, 0, 0, 'parent', 0, 0, 0, 0, 0, 0, '0', 'parent', 'yes'),
(286, 235, 2, 'yes', 40, 0, 0, 'parent', 0, 0, 0, 0, 0, 0, '0', 'parent', 'yes'),
(287, 235, 2, 'yes', 50, 0, 0, 'parent', 0, 0, 0, 0, 0, 0, '0', 'parent', 'yes'),
(288, 235, 2, 'yes', 60, 0, 0, 'parent', 0, 0, 0, 0, 0, 0, '0', 'parent', 'yes'),
(289, 235, 2, 'yes', 70, 0, 0, 'parent', 0, 0, 0, 0, 0, 0, '0', 'parent', 'yes'),
(290, 235, 2, 'yes', 80, 0, 0, 'parent', 0, 0, 0, 0, 0, 0, '0', 'parent', 'yes'),
(291, 235, 2, 'yes', 90, 0, 0, 'parent', 0, 0, 0, 0, 0, 0, '0', 'parent', 'yes'),
(292, 235, 2, 'yes', 100, 0, 0, 'parent', 0, 0, 0, 0, 0, 0, '0', 'parent', 'yes'),
(293, 235, 2, 'yes', 110, 0, 0, 'parent', 0, 0, 0, 0, 0, 0, '0', 'parent', 'yes'),
(294, 235, 2, 'yes', 120, 0, 0, 'parent', 0, 0, 0, 0, 0, 0, '0', 'parent', 'yes'),
(295, 235, 2, 'yes', 130, 0, 0, 'parent', 0, 0, 0, 0, 0, 0, '0', 'parent', 'yes'),
(296, 235, 2, 'yes', 140, 0, 0, 'parent', 0, 0, 0, 0, 0, 0, '0', 'parent', 'yes'),
(297, 235, 2, 'yes', 150, 0, 0, 'parent', 0, 0, 0, 0, 0, 0, '0', 'parent', 'yes'),
(298, 235, 2, 'yes', 160, 0, 0, 'parent', 0, 0, 0, 0, 0, 0, '0', 'parent', 'yes'),
(299, 235, 2, 'yes', 170, 0, 0, 'parent', 0, 0, 0, 0, 0, 0, '0', 'parent', 'yes'),
(300, 235, 2, 'yes', 180, 0, 0, 'parent', 0, 0, 0, 0, 0, 0, '0', 'parent', 'yes'),
(301, 235, 2, 'yes', 190, 0, 0, 'parent', 0, 0, 0, 0, 0, 0, '0', 'parent', 'yes'),
(302, 235, 2, 'yes', 200, 0, 0, 'parent', 0, 0, 0, 0, 0, 0, '0', 'parent', 'yes'),
(303, 232, 2, 'yes', 25, 0, 0, 'parent', 0, 0, 0, 0, 0, 0, '0', 'parent', 'yes'),
(304, 310, 2, 'yes', 10, 0, 0, 'parent', 0, 0, 0, 0, 0, 0, '0', 'parent', 'yes'),
(305, 232, 2, 'yes', 55, 0, 0, 'parent', 0, 0, 0, 0, 0, 0, '0', 'parent', 'yes'),
(306, 232, 2, 'yes', 57, 0, 0, 'parent', 0, 0, 0, 0, 0, 0, '0', 'parent', 'yes'),
(307, 310, 2, 'yes', 75, 0, 0, 'parent', 0, 0, 0, 0, 0, 0, '0', 'parent', 'yes'),
(308, 0, 1, 'yes', 75, 0, 0, 'parent', 0, 0, 0, 0, 0, 0, '0', 'parent', 'yes'),
(309, 232, 2, 'yes', 200, 0, 0, 'parent', 0, 0, 0, 0, 0, 0, '0', 'parent', 'yes'),
(310, 0, 1, 'yes', 150, 0, 0, 'site', 0, 0, 0, 0, 0, 0, '0', 'parent', 'yes'),
(339, 310, 2, 'yes', 100, 0, 0, 'parent', 0, 0, 0, 0, 0, 0, '0', 'parent', 'yes'),
(340, 310, 2, 'yes', 130, 0, 0, 'parent', 0, 0, 0, 0, 0, 0, '0', 'parent', 'yes'),
(341, 232, 2, 'yes', 310, 0, 0, 'parent', 0, 0, 0, 0, 0, 0, '0', 'parent', 'yes'),
(342, 232, 2, 'yes', 320, 0, 0, 'parent', 0, 0, 0, 0, 0, 0, '0', 'parent', 'yes'),
(343, 232, 2, 'yes', 120, 0, 0, 'parent', 0, 0, 0, 0, 0, 0, '0', 'parent', 'yes'),
(344, 310, 2, 'yes', 85, 0, 0, 'parent', 0, 0, 0, 0, 0, 0, '0', 'parent', 'yes'),
(345, 15, 3, 'yes', 35, 0, 0, 'parent', 0, 0, 0, 0, 0, 0, '0', 'parent', 'yes'),
(346, 232, 2, 'yes', 135, 0, 0, 'parent', 0, 0, 0, 0, 0, 0, '0', 'parent', 'yes'),
(347, 232, 2, 'yes', 138, 0, 0, 'parent', 0, 0, 0, 0, 0, 0, '0', 'parent', 'yes'),
(348, 232, 2, 'yes', 125, 0, 0, 'parent', 0, 0, 0, 0, 0, 0, '0', 'parent', 'yes'),
(349, 232, 2, 'yes', 147, 0, 0, 'parent', 0, 0, 0, 0, 0, 0, '0', 'parent', 'yes'),
(350, 232, 2, 'yes', 160, 0, 0, 'parent', 0, 0, 0, 0, 0, 0, '0', 'parent', 'yes'),
(351, 234, 2, 'yes', 150, 0, 0, 'parent', 0, 0, 0, 0, 0, 0, '0', 'parent', 'yes'),
(352, 234, 2, 'yes', 145, 0, 0, 'parent', 0, 0, 0, 0, 0, 0, '0', 'parent', 'yes'),
(353, 232, 2, 'yes', 140, 0, 0, 'parent', 0, 0, 0, 0, 0, 0, '0', 'parent', 'yes'),
(354, 232, 2, 'yes', 195, 0, 0, 'parent', 0, 0, 0, 0, 0, 0, '0', 'parent', 'yes'),
(355, 232, 2, 'yes', 142, 0, 0, 'parent', 0, 0, 0, 0, 0, 0, '0', 'parent', 'yes'),
(356, 232, 2, 'yes', 230, 0, 0, 'parent', 0, 0, 0, 0, 0, 0, '0', 'parent', 'yes'),
(357, 232, 2, 'yes', 275, 0, 0, 'parent', 0, 0, 0, 0, 0, 0, '0', 'parent', 'yes'),
(358, 12, 2, 'yes', 120, 0, 0, 'parent', 0, 0, 0, 0, 0, 0, '0', 'parent', 'yes'),
(359, 235, 2, 'yes', 120, 0, 0, 'parent', 0, 0, 0, 0, 0, 0, '0', 'parent', 'yes');

--
-- Dumping data for table `geodesic_categories_languages`
--

INSERT INTO `geodesic_categories_languages` (`category_id`, `category_name`, `description`, `category_image`, `head_html`, `title_module`, `seo_url_contents`, `category_image_alt`, `language_id`, `category_cache`, `newest_category_cache`, `newest_cache_expire`, `featured_pic_category_cache`, `featured_pic_cache_expire`, `featured_text_category_cache`, `featured_text_cache_expire`, `cache_expire`, `seller_category_cache`, `seller_cache_expire`) VALUES
(238, 'Barter', '', '', '', '', '', '', 1, '', '', 0, '', 0, '', 0, 0, '', 0),
(239, 'Bicycles', '', '', '', '', '', '', 1, '', '', 0, '', 0, '', 0, 0, '', 0),
(241, 'CDs+-+Records', '', '', '', '', '', '', 1, '', '', 0, '', 0, '', 0, 0, '', 0),
(15, 'Autos', '', '', '', '', '', '', 1, '', '', 0, '', 0, '', 0, 0, '', 0),
(240, 'Books', '', '', '', '', '', '', 1, '', '', 0, '', 0, '', 0, 0, '', 0),
(237, 'Antiques', '', '', '', '', '', '', 1, '', '', 0, '', 0, '', 0, 0, '', 0),
(236, 'Appliances', '', '', '', '', '', '', 1, '', '', 0, '', 0, '', 0, 0, '', 0),
(196, 'Passenger+Cars', '', '', '', '', '', '', 1, '', '', 0, '', 0, '', 0, 0, '', 0),
(197, 'Compact', '', '', '', '', '', '', 1, '', '', 0, '', 0, '', 0, 0, '', 0),
(198, 'Mid-Size', '', '', '', '', '', '', 1, '', '', 0, '', 0, '', 0, 0, '', 0),
(199, 'Full-Size', '', '', '', '', '', '', 1, '', '', 0, '', 0, '', 0, 0, '', 0),
(200, 'Luxury', '', '', '', '', '', '', 1, '', '', 0, '', 0, '', 0, 0, '', 0),
(201, 'Hybrid', '', '', '', '', '', '', 1, '', '', 0, '', 0, '', 0, 0, '', 0),
(202, 'Sports+Cars', '', '', '', '', '', '', 1, '', '', 0, '', 0, '', 0, 0, '', 0),
(203, 'Sport+Two-Doors', '', '', '', '', '', '', 1, '', '', 0, '', 0, '', 0, 0, '', 0),
(204, 'Exotic', '', '', '', '', '', '', 1, '', '', 0, '', 0, '', 0, 0, '', 0),
(205, 'High+Performance', '', '', '', '', '', '', 1, '', '', 0, '', 0, '', 0, 0, '', 0),
(206, 'SUVs', '', '', '', '', '', '', 1, '', '', 0, '', 0, '', 0, 0, '', 0),
(207, 'Compact', '', '', '', '', '', '', 1, '', '', 0, '', 0, '', 0, 0, '', 0),
(208, 'Mid-Size', '', '', '', '', '', '', 1, '', '', 0, '', 0, '', 0, 0, '', 0),
(209, 'Full-Size', '', '', '', '', '', '', 1, '', '', 0, '', 0, '', 0, 0, '', 0),
(210, 'Luxury', '', '', '', '', '', '', 1, '', '', 0, '', 0, '', 0, 0, '', 0),
(211, 'Hybrid', '', '', '', '', '', '', 1, '', '', 0, '', 0, '', 0, 0, '', 0),
(212, 'Minivans', '', '', '', '', '', '', 1, '', '', 0, '', 0, '', 0, 0, '', 0),
(213, 'Traditional+Minivans', '', '', '', '', '', '', 1, '', '', 0, '', 0, '', 0, 0, '', 0),
(214, 'Full-Size+Vans', '', '', '', '', '', '', 1, '', '', 0, '', 0, '', 0, 0, '', 0),
(215, 'Crossovers', '', '', '', '', '', '', 1, '', '', 0, '', 0, '', 0, 0, '', 0),
(216, 'Compact', '', '', '', '', '', '', 1, '', '', 0, '', 0, '', 0, 0, '', 0),
(217, 'Mid-Size', '', '', '', '', '', '', 1, '', '', 0, '', 0, '', 0, 0, '', 0),
(218, 'Full-Size', '', '', '', '', '', '', 1, '', '', 0, '', 0, '', 0, 0, '', 0),
(219, 'Luxury', '', '', '', '', '', '', 1, '', '', 0, '', 0, '', 0, 0, '', 0),
(231, 'Rentals', '', '', '', '', '', '', 1, '', '', 0, '', 0, '', 0, 0, '', 0),
(230, 'Commercial+Building', '', '', '', '', '', '', 1, '', '', 0, '', 0, '', 0, 0, '', 0),
(229, 'Land', '', '', '', '', '', '', 1, '', '', 0, '', 0, '', 0, 0, '', 0),
(228, 'Farms%2FRanches', '', '', '', '', '', '', 1, '', '', 0, '', 0, '', 0, 0, '', 0),
(227, 'Mfd%2FMobile+Home', '', '', '', '', '', '', 1, '', '', 0, '', 0, '', 0, 0, '', 0),
(226, 'Multi-Family+Home', '', '', '', '', '', '', 1, '', '', 0, '', 0, '', 0, 0, '', 0),
(225, 'Condo%2FTownhome', '', '', '', '', '', '', 1, '', '', 0, '', 0, '', 0, 0, '', 0),
(224, 'Single+Family+Home', '', '', '', '', '', '', 1, '', '', 0, '', 0, '', 0, 0, '', 0),
(223, 'Heavy+Duty', '', '', '', '', '', '', 1, '', '', 0, '', 0, '', 0, 0, '', 0),
(222, 'Full-Size', '', '', '', '', '', '', 1, '', '', 0, '', 0, '', 0, 0, '', 0),
(221, 'Compact+and+Mid-Size', '', '', '', '', '', '', 1, '', '', 0, '', 0, '', 0, 0, '', 0),
(220, 'Pickup+Trucks', '', '', '', '', '', '', 1, '', '', 0, '', 0, '', 0, 0, '', 0),
(242, 'Electronics', '', '', '', '', '', '', 1, '', '', 0, '', 0, '', 0, 0, '', 0),
(243, 'Furniture', '', '', '', '', '', '', 1, '', '', 0, '', 0, '', 0, 0, '', 0),
(244, 'Jewelry', '', '', '', '', '', '', 1, '', '', 0, '', 0, '', 0, 0, '', 0),
(245, 'Garage+Sales', '', '', '', '', '', '', 1, '', '', 0, '', 0, '', 0, 0, '', 0),
(246, 'Musical+Instruments', '', '', '', '', '', '', 1, '', '', 0, '', 0, '', 0, 0, '', 0),
(247, 'Sporting+Goods', '', '', '', '', '', '', 1, '', '', 0, '', 0, '', 0, 0, '', 0),
(248, 'Tickets', '', '', '', '', '', '', 1, '', '', 0, '', 0, '', 0, 0, '', 0),
(249, 'Toys', '', '', '', '', '', '', 1, '', '', 0, '', 0, '', 0, 0, '', 0),
(250, 'Video+Games', '', '', '', '', '', '', 1, '', '', 0, '', 0, '', 0, 0, '', 0),
(251, 'Wanted', '', '', '', '', '', '', 1, '', '', 0, '', 0, '', 0, 0, '', 0),
(252, 'Everything+Else', '', '', '', '', '', '', 1, '', '', 0, '', 0, '', 0, 0, '', 0),
(253, 'Automotive+Classes', '', '', '', '', '', '', 1, '', '', 0, '', 0, '', 0, 0, '', 0),
(254, 'Computer+-+Multimedia+Classes', '', '', '', '', '', '', 1, '', '', 0, '', 0, '', 0, 0, '', 0),
(255, 'Language+Classes', '', '', '', '', '', '', 1, '', '', 0, '', 0, '', 0, 0, '', 0),
(256, 'Music+Classes', '', '', '', '', '', '', 1, '', '', 0, '', 0, '', 0, 0, '', 0),
(257, 'Home+Improvement+Classes', '', '', '', '', '', '', 1, '', '', 0, '', 0, '', 0, 0, '', 0),
(258, 'Other+Classes', '', '', '', '', '', '', 1, '', '', 0, '', 0, '', 0, 0, '', 0),
(259, 'Self+Defense+Classes', '', '', '', '', '', '', 1, '', '', 0, '', 0, '', 0, 0, '', 0),
(260, 'Personal+Fitness', '', '', '', '', '', '', 1, '', '', 0, '', 0, '', 0, 0, '', 0),
(262, 'Gymnastics', '', '', '', '', '', '', 1, '', '', 0, '', 0, '', 0, 0, '', 0),
(263, 'Babysitting', '', '', '', '', '', '', 1, '', '', 0, '', 0, '', 0, 0, '', 0),
(264, 'Beauty', '', '', '', '', '', '', 1, '', '', 0, '', 0, '', 0, 0, '', 0),
(265, 'Computer', '', '', '', '', '', '', 1, '', '', 0, '', 0, '', 0, 0, '', 0),
(266, 'Event+Planning', '', '', '', '', '', '', 1, '', '', 0, '', 0, '', 0, 0, '', 0),
(267, 'Financial', '', '', '', '', '', '', 1, '', '', 0, '', 0, '', 0, 0, '', 0),
(268, 'Legal', '', '', '', '', '', '', 1, '', '', 0, '', 0, '', 0, 0, '', 0),
(269, 'Volunteers', '', '', '', '', '', '', 1, '', '', 0, '', 0, '', 0, 0, '', 0),
(270, 'Household', '', '', '', '', '', '', 1, '', '', 0, '', 0, '', 0, 0, '', 0),
(271, 'Travel', '', '', '', '', '', '', 1, '', '', 0, '', 0, '', 0, 0, '', 0),
(272, 'Ride+Sharing', '', '', '', '', '', '', 1, '', '', 0, '', 0, '', 0, 0, '', 0),
(273, 'Activities', '', '', '', '', '', '', 1, '', '', 0, '', 0, '', 0, 0, '', 0),
(274, 'Events', '', '', '', '', '', '', 1, '', '', 0, '', 0, '', 0, 0, '', 0),
(275, 'Musicians', '', '', '', '', '', '', 1, '', '', 0, '', 0, '', 0, 0, '', 0),
(276, 'Volunteers', '', '', '', '', '', '', 1, '', '', 0, '', 0, '', 0, 0, '', 0),
(277, 'Lost+and+Found', '', '', '', '', '', '', 1, '', '', 0, '', 0, '', 0, 0, '', 0),
(278, 'Women+Seeking+Men', '', '', '', '', '', '', 1, '', '', 0, '', 0, '', 0, 0, '', 0),
(279, 'Men+Seeking+Women', '', '', '', '', '', '', 1, '', '', 0, '', 0, '', 0, 0, '', 0),
(280, 'Just+Friends', '', '', '', '', '', '', 1, '', '', 0, '', 0, '', 0, 0, '', 0),
(282, 'Missed+Connections', '', '', '', '', '', '', 1, '', '', 0, '', 0, '', 0, 0, '', 0),
(283, 'Accounting', '', '', '', '', '', '', 1, '', '', 0, '', 0, '', 0, 0, '', 0),
(284, 'Art', '', '', '', '', '', '', 1, '', '', 0, '', 0, '', 0, 0, '', 0),
(285, 'Business', '', '', '', '', '', '', 1, '', '', 0, '', 0, '', 0, 0, '', 0),
(286, 'Clerical', '', '', '', '', '', '', 1, '', '', 0, '', 0, '', 0, 0, '', 0),
(287, 'Customer+Service', '', '', '', '', '', '', 1, '', '', 0, '', 0, '', 0, 0, '', 0),
(288, 'Education', '', '', '', '', '', '', 1, '', '', 0, '', 0, '', 0, 0, '', 0),
(289, 'Engineering', '', '', '', '', '', '', 1, '', '', 0, '', 0, '', 0, 0, '', 0),
(290, 'Healthcare', '', '', '', '', '', '', 1, '', '', 0, '', 0, '', 0, 0, '', 0),
(291, 'Hotel', '', '', '', '', '', '', 1, '', '', 0, '', 0, '', 0, 0, '', 0),
(292, 'Human+Resources', '', '', '', '', '', '', 1, '', '', 0, '', 0, '', 0, 0, '', 0),
(293, 'Legal', '', '', '', '', '', '', 1, '', '', 0, '', 0, '', 0, 0, '', 0),
(294, 'Manufacturing', '', '', '', '', '', '', 1, '', '', 0, '', 0, '', 0, 0, '', 0),
(295, 'Marketing', '', '', '', '', '', '', 1, '', '', 0, '', 0, '', 0, 0, '', 0),
(296, 'Medical', '', '', '', '', '', '', 1, '', '', 0, '', 0, '', 0, 0, '', 0),
(297, 'Non-Profit', '', '', '', '', '', '', 1, '', '', 0, '', 0, '', 0, 0, '', 0),
(298, 'Real+Estate', '', '', '', '', '', '', 1, '', '', 0, '', 0, '', 0, 0, '', 0),
(299, 'Restaurant', '', '', '', '', '', '', 1, '', '', 0, '', 0, '', 0, 0, '', 0),
(300, 'Retail', '', '', '', '', '', '', 1, '', '', 0, '', 0, '', 0, 0, '', 0),
(301, 'Sales', '', '', '', '', '', '', 1, '', '', 0, '', 0, '', 0, 0, '', 0),
(302, 'Technology', '', '', '', '', '', '', 1, '', '', 0, '', 0, '', 0, 0, '', 0),
(303, 'Animals', '', '', '', '', '', '', 1, '', '', 0, '', 0, '', 0, 0, '', 0),
(304, 'Aircraft', '', '', '', '', '', '', 1, '', '', 0, '', 0, '', 0, 0, '', 0),
(305, 'Art', '', '', '', '', '', '', 1, '', '', 0, '', 0, '', 0, 0, '', 0),
(306, 'Baby+Stuff', '', '', '', '', '', '', 1, '', '', 0, '', 0, '', 0, 0, '', 0),
(307, 'Boats', '', '', '', '', '', '', 1, '', '', 0, '', 0, '', 0, 0, '', 0),
(309, 'Home+%26+Garden', '', '', '', '', '', '', 1, '', '', 0, '', 0, '', 0, 0, '', 0),
(351, 'Specialty', '', '', '', '', '', '', 1, '', '', 0, '', 0, '', 0, 0, '', 0),
(354, 'Gift+Certificates', '', '', '', '', '', '', 1, '', '', 0, '', 0, '', 0, 0, '', 0),
(353, 'Crafts', '', '', '', '', '', '', 1, '', '', 0, '', 0, '', 0, 0, '', 0),
(352, 'Remodeling', '', '', '', '', '', '', 1, '', '', 0, '', 0, '', 0, 0, '', 0),
(350, 'Entertainment+Memorabilia', '', '', '', '', '', '', 1, '', '', 0, '', 0, '', 0, 0, '', 0),
(346, 'Coins', '', '', '', '', '', '', 1, '', '', 0, '', 0, '', 0, 0, '', 0),
(349, 'DVDs+%2F+Movies', '', '', '', '', '', '', 1, '', '', 0, '', 0, '', 0, 0, '', 0),
(348, 'Clothing', '', '', '', '', '', '', 1, '', '', 0, '', 0, '', 0, 0, '', 0),
(347, 'Collectibles', '', '', '', '', '', '', 1, '', '', 0, '', 0, '', 0, 0, '', 0),
(344, 'Buses', '', '', '', '', '', '', 1, '', '', 0, '', 0, '', 0, 0, '', 0),
(345, 'Classic+Cars', '', '', '', '', '', '', 1, '', '', 0, '', 0, '', 0, 0, '', 0),
(339, 'Motorcycles+%26+ATV%27s', '', '', '', '', '', '', 1, '', '', 0, '', 0, '', 0, 0, '', 0),
(343, 'Business+%26+Industrial', '', '', '', '', '', '', 1, '', '', 0, '', 0, '', 0, 0, '', 0),
(342, 'Stamps', '', '', '', '', '', '', 1, '', '', 0, '', 0, '', 0, 0, '', 0),
(340, 'RV%27s+and+Campers', '', '', '', '', '', '', 1, '', '', 0, '', 0, '', 0, 0, '', 0),
(341, 'Sports+Mem%2C+Cards%2C+Fan+Shop', '', '', '', '', '', '', 1, '', '', 0, '', 0, '', 0, 0, '', 0),
(355, 'Dolls+%26+Bears', '', '', '', '', '', '', 1, '', '', 0, '', 0, '', 0, 0, '', 0),
(356, 'MLM+Products', '', '', '', '', '', '', 1, '', '', 0, '', 0, '', 0, 0, '', 0),
(357, 'Pet+Supplies', '', '', '', '', '', '', 1, '', '', 0, '', 0, '', 0, 0, '', 0),
(358, 'Lost%2FFound+Pet', '', '', '', '', '', '', 1, '', '', 0, '', 0, '', 0, 0, '', 0),
(359, 'Business+Opportunities', '', '', '', '', '', '', 1, '', '', 0, '', 0, '', 0, 0, '', 0),
(233, 'Learning', '', 'images%2Ficons%2FBook-Open-24_444444.png', '', '', '', '', 1, '', '', 0, '', 0, '', 0, 0, '', 0),
(234, 'Services', '', 'images%2Ficons%2FServices-24_444444.png', '', '', '', '', 1, '', '', 0, '', 0, '', 0, 0, '', 0),
(310, 'Vehicles', '', 'images%2Ficons%2FCar-24_444444.png', '', '', '', '', 1, '', '', 0, '', 0, '', 0, 0, '', 0),
(12, 'Community', '', 'images%2Ficons%2FUser-Group-24_444444.png', '', '', '', '', 1, '', '', 0, '', 0, '', 0, 0, '', 0),
(16, 'Real+Estate', '', 'images%2Ficons%2FHouses-24_444444.png', '', '', '', '', 1, '', '', 0, '', 0, '', 0, 0, '', 0),
(235, 'Jobs', '', 'images%2Ficons%2FPrincipal-01-24_444444.png', '', '', '', '', 1, '', '', 0, '', 0, '', 0, 0, '', 0),
(17, 'Personals', '', 'images%2Ficons%2FCouple-02-24_444444.png', '', '', '', '', 1, '', '', 0, '', 0, '', 0, 0, '', 0),
(308, 'Business+Opportunities', '', 'images%2Ficons%2FBriefcase-Standard-24_444444.png', '', '', '', '', 1, '', '', 0, '', 0, '', 0, 0, '', 0),
(232, 'For+Sale', '', 'images%2Ficons%2FTag-24_444444.png', '', '', '', '', 1, '', '', 0, '', 0, '', 0, 0, '', 0);

--
-- Dumping data for table `geodesic_choices`
--

INSERT INTO `geodesic_choices` (`choice_id`, `type_of_choice`, `display_value`, `value`, `numeric_value`, `display_order`, `language_id`) VALUES
(24, 2, '1 day', '1', 0, 1, 1),
(25, 2, '2 days', '2', 0, 2, 1),
(26, 2, '3 days', '3', 0, 3, 1),
(27, 2, '4 days', '4', 0, 4, 1),
(28, 2, '5 days', '5', 0, 5, 1),
(29, 2, '6 days', '6', 0, 6, 1),
(30, 2, '7 days', '7', 0, 7, 1),
(31, 2, '10 days', '10', 0, 10, 1),
(32, 2, '14 days', '14', 0, 14, 1),
(33, 2, '28 days', '28', 0, 28, 1),
(34, 2, '30 days', '30', 0, 30, 1),
(35, 3, 'Arial, Helvetica, sans-serif', 'Arial, Helvetica, sans-serif', 0, 1, 1),
(36, 3, 'Times New Roman, Times, serif', 'Times New Roman, Times, serif', 0, 2, 1),
(37, 3, 'Courier New, Courier, mono', 'Courier New, Courier, mono', 0, 3, 1),
(38, 3, 'Georgia, Times New Roman, Times, serif', 'Georgia, Times New Roman, Times, serif', 0, 4, 1),
(39, 3, 'Verdana, Arial, Helvetica, sans-serif', 'Verdana, Arial, Helvetica, sans-serif', 0, 5, 1),
(40, 3, 'Geneva, Arial, Helvetica, san-serif', 'Geneva, Arial, Helvetica, san-serif', 0, 6, 1),
(41, 4, '9', '9', 0, 1, 1),
(42, 4, '10', '10', 0, 2, 1),
(43, 4, '12', '12', 0, 3, 1),
(44, 4, '14', '14', 0, 0, 1),
(45, 4, '16', '16', 0, 0, 1),
(46, 4, '18', '18', 0, 0, 1),
(47, 4, '24', '24', 0, 0, 1),
(48, 4, '36', '36', 0, 0, 1),
(49, 5, 'normal', 'normal', 0, 1, 1),
(50, 5, 'italic', 'italic', 0, 2, 1),
(51, 5, 'oblique', 'oblique', 0, 3, 1),
(52, 6, 'normal', 'normal', 0, 1, 1),
(53, 6, 'bold', 'bold', 0, 2, 1),
(54, 6, 'bolder', 'bolder', 0, 3, 1),
(55, 6, 'lighter', 'lighter', 0, 4, 1),
(56, 7, 'underline', 'underline', 0, 1, 1),
(57, 7, 'none', 'none', 0, 2, 1),
(58, 8, 'right', 'right', 0, 1, 1),
(59, 8, 'left', 'left', 0, 2, 1),
(60, 8, 'center', 'center', 0, 3, 1),
(61, 8, 'justify', 'justify', 0, 4, 1),
(64, 9, '4 days', '4', 4, 4, 1),
(65, 9, '1 day', '1', 1, 1, 1),
(66, 9, '2 days', '2', 2, 2, 1),
(67, 9, '3 days', '3', 3, 3, 1),
(68, 9, '5 days', '5', 5, 5, 1),
(69, 9, '7 days', '7', 7, 7, 1),
(70, 9, '10 days', '10', 10, 10, 1),
(71, 9, '14 days', '14', 14, 14, 1),
(72, 9, '28 days', '28', 28, 28, 1),
(73, 9, '30 days', '30', 30, 30, 1),
(74, 9, '45 days', '45', 45, 45, 1),
(75, 9, '60 days', '60', 60, 60, 1),
(76, 9, '90 days', '90', 90, 90, 1),
(77, 9, '120 days', '120', 120, 120, 1),
(78, 9, '150 days', '150', 150, 127, 1),
(79, 9, '180 days', '180', 180, 127, 1),
(80, 9, '270 days', '270', 270, 127, 1),
(81, 9, '365 days', '365', 365, 127, 1),
(82, 9, '0 days', '0', 0, 0, 1),
(95, 11, 'Afghanistan - Afghani', 'AFA', 0, 0, 1),
(96, 11, 'Canada - Canadian Dollar', 'CAD', 0, 0, 1),
(97, 11, 'United States - US Dollar', 'USD', 0, 0, 1),
(98, 11, 'United Kingdom - Pounds Sterling', 'GBP', 0, 0, 1),
(99, 12, 'username only', '1', 0, 0, 1),
(100, 12, 'firstname only', '2', 0, 0, 1),
(101, 12, 'lastname only', '3', 0, 0, 1),
(102, 12, 'firstname lastname', '4', 0, 0, 1),
(103, 12, 'lastname firstname', '5', 0, 0, 1),
(104, 12, 'email address', '6', 0, 0, 1),
(106, 11, 'Albania-Lek', 'ALL', 0, 0, 1),
(107, 11, 'Algeria-Algerian Dinar', 'DZD', 0, 0, 1),
(108, 11, 'Angola-New Kwanza', 'AON', 0, 0, 1),
(109, 11, 'Argentina-Argentine Peso', 'ARS', 0, 0, 1),
(110, 11, 'Aruba-Aruban Guilder', 'AWG', 0, 0, 1),
(111, 11, 'Australia-Australian Dollar', 'AUD', 0, 0, 1),
(112, 11, 'Austria-Euro', 'EUR', 0, 0, 1),
(113, 11, 'Bahamas-Bahamian Dollar', 'BSD', 0, 0, 1),
(114, 11, 'Bahrain-Bahraini Dinar', 'BHD', 0, 0, 1),
(115, 11, 'Bangladesh-Taka', 'BDT', 0, 0, 1),
(116, 11, 'Barbados-Barbados Dollar', 'BBD', 0, 0, 1),
(117, 11, 'Belgium-Euro', 'EUR', 0, 0, 1),
(118, 11, 'Belize-Belize Dollar', 'BZD', 0, 0, 1),
(119, 11, 'Bermuda-Bermudian Dollar', 'BMD', 0, 0, 1),
(120, 11, 'Bolivia-Boliviano', 'BOB', 0, 0, 1),
(121, 11, 'Bosnia & Herzegovina-Bosnian Dinar', 'BAD', 0, 0, 1),
(122, 11, 'Botswana-Pula', 'BWP', 0, 0, 1),
(123, 11, 'Brazil-Real', 'BRL', 0, 0, 1),
(124, 11, 'Brunei-Brunei Dollar', 'BND', 0, 0, 1),
(125, 11, 'Bulgaria-Lev', 'BGL', 0, 0, 1),
(126, 11, 'Burkina Faso, Mali, Senegal-CFA Franc BCEAO', 'XOF', 0, 0, 1),
(127, 11, 'Burundi-Burundi Franc', 'BIF', 0, 0, 1),
(128, 11, 'Cambodia-Cambodia Riel', 'KHR', 0, 0, 1),
(129, 11, 'Cameroon, Central African Republic, Chad, Congo, Equatorial Guinea, Gabon-CFA Franc BEAC', 'XAF', 0, 0, 1),
(130, 11, 'Cape Verde-Cape Verde Escudo', 'CVE', 0, 0, 1),
(131, 11, 'Cayman Islands-Cayman Islands Dollar', 'KYD', 0, 0, 1),
(132, 11, 'Chile-Chilean Peso', 'CLP', 0, 0, 1),
(133, 11, 'China-Yuan Renminbi', 'CNY', 0, 0, 1),
(134, 11, 'Colombia-Colombian Peso', 'COP', 0, 0, 1),
(135, 11, 'Comoros-Comoro Franc', 'KMF', 0, 0, 1),
(136, 11, 'Costa Rica-Costa Rican Colon', 'CRC', 0, 0, 1),
(137, 11, 'Croatia-Croatian Kuna', 'HRK', 0, 0, 1),
(138, 11, 'Cuba-Cuban Peso', 'CUP', 0, 0, 1),
(139, 11, 'Cyprus-Cyprus Pound', 'CYP', 0, 0, 1),
(140, 11, 'Czech Republic-Czech Koruna', 'CZK', 0, 0, 1),
(141, 11, 'Denmark-Danish Krone', 'DKK', 0, 0, 1),
(142, 11, 'Djibouti-Djibouti Franc', 'DJF', 0, 0, 1),
(143, 11, 'Dominica-East Caribbean Dollar', 'XCD', 0, 0, 1),
(144, 11, 'Dominican Republic-Dominican Peso', 'DOP', 0, 0, 1),
(145, 11, 'East Timor-Timor Escudo', 'TPE', 0, 0, 1),
(146, 11, 'Ecuador-Ecuador Sucre', 'ECS', 0, 0, 1),
(147, 11, 'Egypt-Egyptian Pound', 'EGP', 0, 0, 1),
(148, 11, 'El Salvador-El Salvador Colon', 'SVC', 0, 0, 1),
(149, 11, 'Estonia-Kroon', 'EEK', 0, 0, 1),
(150, 11, 'Ethiopia-Ethiopian Birr', 'ETB', 0, 0, 1),
(151, 11, 'Europe-Euro', 'EUR', 0, 0, 1),
(152, 11, 'Falkland Islands-Falkland Islands Pound', 'FKP', 0, 0, 1),
(153, 11, 'Fiji-Fiji Dollar', 'FJD', 0, 0, 1),
(154, 11, 'Finland-Euro', 'EUR', 0, 0, 1),
(155, 11, 'France-Euro', 'EUR', 0, 0, 1),
(156, 11, 'French Polynesia-CFP Franc', 'XPF', 0, 0, 1),
(157, 11, 'Gambia-Dalasi', 'GMD', 0, 0, 1),
(158, 11, 'Germany-Euro', 'EUR', 0, 0, 1),
(159, 11, 'Ghana-Cedi', 'GHC', 0, 0, 1),
(160, 11, 'Gibraltar-Gibraltar Pound', 'GIP', 0, 0, 1),
(161, 11, 'Greece-Euro', 'EUR', 0, 0, 1),
(162, 11, 'Guatemala-Quetzal', 'GTQ', 0, 0, 1),
(163, 11, 'Guinea-Guinea Franc', 'GNF', 0, 0, 1),
(164, 11, 'Guinea Bissau-Guinea-Bissau Peso', 'GWP', 0, 0, 1),
(165, 11, 'Guyana-Guyana Dollar', 'GYD', 0, 0, 1),
(166, 11, 'Haiti-Gourde', 'HTG', 0, 0, 1),
(167, 11, 'Honduras-Lempira', 'HNL', 0, 0, 1),
(168, 11, 'Hong Kong-Hong Kong Dollar', 'HKD', 0, 0, 1),
(169, 11, 'Hungary-Forint', 'HUF', 0, 0, 1),
(170, 11, 'Iceland-Iceland Krona', 'ISK', 0, 0, 1),
(171, 11, 'India-Indian Rupee', 'INR', 0, 0, 1),
(172, 11, 'Indonesia-Rupiah', 'IDR', 0, 0, 1),
(173, 11, 'Iran-Iranian Rial', 'IRR', 0, 0, 1),
(174, 11, 'Iraq-Iraqi Dinar', 'IQD', 0, 0, 1),
(175, 11, 'Ireland-Euro', 'EUR', 0, 0, 1),
(176, 11, 'Israel-Shekel', 'ILS', 0, 0, 1),
(177, 11, 'Italy-Euro', 'EUR', 0, 0, 1),
(178, 11, 'Jamaica-Jamaican Dollar', 'JMD', 0, 0, 1),
(179, 11, 'Japan-Yen', 'JPY', 0, 0, 1),
(180, 11, 'Jordan-Jordanian Dinar', 'JOD', 0, 0, 1),
(181, 11, 'Kazakhstan-Tenge', 'KZT', 0, 0, 1),
(182, 11, 'Kenya-Kenyan Shilling', 'KES', 0, 0, 1),
(183, 11, 'Korea-Won', 'KRW', 0, 0, 1),
(184, 11, 'Korea, Democratic Peoples Republic of-North Korean Won', 'KPW', 0, 0, 1),
(185, 11, 'Kuwait-Kuwaiti Dinar', 'KWD', 0, 0, 1),
(186, 11, 'Kyrgyzstan-Som', 'KGS', 0, 0, 1),
(187, 11, 'Lao Peoples-Kip', 'LAK', 0, 0, 1),
(188, 11, 'Latvia-Latvian Lats', 'LVL', 0, 0, 1),
(189, 11, 'Lebanon-Lebanese Pound', 'LBP', 0, 0, 1),
(190, 11, 'Lesotho-Loti', 'LSL', 0, 0, 1),
(191, 11, 'Liberia-Liberian Dollar', 'LRD', 0, 0, 1),
(192, 11, 'Libyan Arab Jamahiriya-Libyan Dinar', 'LYD', 0, 0, 1),
(193, 11, 'Lithuania-Lithuanian Litas', 'LTL', 0, 0, 1),
(194, 11, 'Luxembourg-Euro', 'EUR', 0, 0, 1),
(195, 11, 'Macau-Pataca', 'MOP', 0, 0, 1),
(196, 11, 'Macedonia-Denar', 'MKD', 0, 0, 1),
(197, 11, 'Madagascar-Malagasy Franc', 'MGF', 0, 0, 1),
(198, 11, 'Malawi-Kwacha', 'MWK', 0, 0, 1),
(199, 11, 'Malaysia-Malaysian Ringitt', 'MYR', 0, 0, 1),
(200, 11, 'Maldives-Rufiyaa', 'MVR', 0, 0, 1),
(201, 11, 'Malta-Maltese Lira', 'MTL', 0, 0, 1),
(202, 11, 'Mauritania-Ouguiya', 'MRO', 0, 0, 1),
(203, 11, 'Mauritius-Mauritius Rupee', 'MUR', 0, 0, 1),
(204, 11, 'Mexico-Mexico Peso', 'MXN', 0, 0, 1),
(205, 11, 'Mongolia-Mongolia Tugrik', 'MNT', 0, 0, 1),
(206, 11, 'Morocco-Moroccan Dirham', 'MAD', 0, 0, 1),
(207, 11, 'Mozambique-Metical', 'MZM', 0, 0, 1),
(208, 11, 'Myanmar-Myanmar Kyat', 'MMK', 0, 0, 1),
(209, 11, 'Namibia-Namibian Dollar', 'NAD', 0, 0, 1),
(210, 11, 'Nepal-Nepalese Rupee', 'NPR', 0, 0, 1),
(211, 11, 'Netherland Antilles-Netherlands Antilles Guilder', 'ANG', 0, 0, 1),
(212, 11, 'Netherlands-Euro', 'EUR', 0, 0, 1),
(213, 11, 'New Zealand-New Zealand Dollar', 'NZD', 0, 0, 1),
(214, 11, 'Nicaragua-Cordoba Oro', 'NIO', 0, 0, 1),
(215, 11, 'Nigeria-Naira', 'NGN', 0, 0, 1),
(216, 11, 'Norway-Norwegian Krone', 'NOK', 0, 0, 1),
(217, 11, 'Oman-Rial Omani ', 'OMR', 0, 0, 1),
(218, 11, 'Pakistan-Pakistan Rupee', 'PKR', 0, 0, 1),
(219, 11, 'Panama-Balboa', 'PAB', 0, 0, 1),
(220, 11, 'Papua, New Guinea-New Guinea Kina', 'PGK', 0, 0, 1),
(221, 11, 'Paraguay-Guarani', 'PYG', 0, 0, 1),
(222, 11, 'Peru-Nuevo Sol', 'PEN', 0, 0, 1),
(223, 11, 'Philippines-Philippine Peso', 'PHP', 0, 0, 1),
(224, 11, 'Poland-New Zloty', 'PLN', 0, 0, 1),
(225, 11, 'Portugal-Euro', 'EUR', 0, 0, 1),
(226, 11, 'Qatar-Qatari Rial', 'QAR', 0, 0, 1),
(227, 11, 'Romania-Leu', 'ROL', 0, 0, 1),
(228, 11, 'Russian Federation-Russian Ruble', 'RUR', 0, 0, 1),
(229, 11, 'Rwanda-Rwanda Franc', 'RWF', 0, 0, 1),
(230, 11, 'Samoa-Tala', 'WST', 0, 0, 1),
(231, 11, 'Sao Tome & Principe-Dobra', 'STD', 0, 0, 1),
(232, 11, 'Saudi Arabia-Saudi Riyal', 'SAR', 0, 0, 1),
(233, 11, 'Seychelles-Seychelles Rupee', 'SCR', 0, 0, 1),
(234, 11, 'Sierra Leone-Leone', 'SLL', 0, 0, 1),
(235, 11, 'Singapore-Singapore Dollar', 'SGD', 0, 0, 1),
(236, 11, 'Slovakia-Slovak Koruna', 'SKK', 0, 0, 1),
(237, 11, 'Slovenia-Tolar', 'SIT', 0, 0, 1),
(238, 11, 'Solomon Islands-Solomon Islands Dollar', 'SBD', 0, 0, 1),
(239, 11, 'Somalia-Somalia Shilling', 'SOS', 0, 0, 1),
(240, 11, 'South Africa-Rand', 'ZAR', 0, 0, 1),
(241, 11, 'Spain-Euro', 'EUR', 0, 0, 1),
(242, 11, 'Sri Lanka-Sri Lanka Rupee', 'LKR', 0, 0, 1),
(243, 11, 'St Helena-St Helena Pound', 'SHP', 0, 0, 1),
(244, 11, 'Sudan-Sudanese Pound', 'SDP', 0, 0, 1),
(245, 11, 'Suriname-Suriname Guilder', 'SRG', 0, 0, 1),
(246, 11, 'Swaziland-Swaziland Lilangeni', 'SZL', 0, 0, 1),
(247, 11, 'Sweden-Sweden Krona', 'SEK', 0, 0, 1),
(248, 11, 'Switzerland-Swiss Franc', 'CHF', 0, 0, 1),
(249, 11, 'Syrian Arab Republic-Syrian Pound', 'SYP', 0, 0, 1),
(250, 11, 'Taiwan, Province of China-New Taiwan Dollar', 'TWD', 0, 0, 1),
(251, 11, 'Tajikistan-Tajik Ruble', 'TJR', 0, 0, 1),
(252, 11, 'Tanzania-Tanzanian Shilling', 'TZS', 0, 0, 1),
(253, 11, 'Thailand-Baht', 'THB', 0, 0, 1),
(254, 11, 'Tonga-Tonga Pa''anga', 'TOP', 0, 0, 1),
(255, 11, 'Trinidad & Tobago-Trinidad & Tobago Dollar', 'TTD', 0, 0, 1),
(256, 11, 'Tunisia-Tunisian Dinar', 'TND', 0, 0, 1),
(257, 11, 'Turkey-Turkish Lira', 'TRL', 0, 0, 1),
(258, 11, 'Uganda-Uganda Shilling', 'UGX', 0, 0, 1),
(259, 11, 'Ukraine-Ukrainian Hryvnia', 'UAH', 0, 0, 1),
(260, 11, 'United Arab Emirates-United Arab Emirates Dirham', 'AED', 0, 0, 1),
(261, 11, 'Uruguay-Uruguayan Peso', 'UYU', 0, 0, 1),
(262, 11, 'Vanuatu-Vanuatu Vatu', 'VUV', 0, 0, 1),
(263, 11, 'Venezuela-Venezuela Bolivar', 'VEB', 0, 0, 1),
(264, 11, 'Vietnam-Viet Nam Dong', 'VND', 0, 0, 1),
(265, 11, 'Yemen-Yemeni Rial', 'YER', 0, 0, 1),
(266, 11, 'Yugoslavia-Yugoslavian New Dinar', 'YUM', 0, 0, 1),
(267, 11, 'Zaire-New Zaire', 'ZRN', 0, 0, 1),
(268, 11, 'Zambia-Zambian Kwacha', 'ZMK', 0, 0, 1),
(269, 11, 'Zimbabwe-Zimbabwe Dollar', 'ZWD', 0, 0, 1),
(283, 75, 'Afghani (Afghanistan)', 'AFA', 0, 0, 1),
(284, 75, 'Algerian Dinar (Algeria)', 'DZD', 0, 0, 1),
(285, 75, 'Andorran Peseta (Andorra)', 'ADP', 0, 0, 1),
(286, 75, 'Argentine Peso (Argentina)', 'ARS', 0, 0, 1),
(287, 75, 'Armenian Dram (Armenia)', 'AMD', 0, 0, 1),
(288, 75, 'Aruban Guilder (Aruba)', 'AWG', 0, 0, 1),
(289, 75, 'Australian Dollar (Australia)', 'AUD', 0, 0, 1),
(290, 75, 'Azberbaijanian Manat (Azerbaijan)', 'AZM', 0, 0, 1),
(291, 75, 'Bahamian Dollar (Bahamas)', 'BSD', 0, 0, 1),
(292, 75, 'Bahaini Dinar (Bahrain)', 'BHD', 0, 0, 1),
(293, 75, 'Baht (Thailand)', 'THB', 0, 0, 1),
(294, 75, 'Balboa (Panama)', 'PAB', 0, 0, 1),
(295, 75, 'Barbados Dollar (Barbados)', 'BBD', 0, 0, 1),
(296, 75, 'Belarussian Ruble (Belarus)', 'BYB', 0, 0, 1),
(297, 75, 'Belgian Franc (Belgium)', 'BEF', 0, 0, 1),
(298, 75, 'Belize Dollar (Belize)', 'BZD', 0, 0, 1),
(299, 75, 'Bermudian Dollar (Bermuda)', 'BMD', 0, 0, 1),
(300, 75, 'Bolivar (Venezuela)', 'VEB', 0, 0, 1),
(301, 75, 'Boliviiano (Bolivia)', 'BOB', 0, 0, 1),
(302, 75, 'Brazilian Real (Brazil)', 'BRL', 0, 0, 1),
(303, 75, 'Brunei Dollar (Brunei Darussalam)', 'BND', 0, 0, 1),
(304, 75, 'Bulgarian Lev (Bulgaria)', 'BGN', 0, 0, 1),
(305, 75, 'Burundi Franc (Burundi)', 'BIF', 0, 0, 1),
(306, 75, 'Canadian Dollar (Canada)', 'CAD', 0, 0, 1),
(307, 75, 'Cape Verde Escudo (Cape Verde)', 'CVE', 0, 0, 1),
(308, 75, 'Cayman Islands Dollar (Cayman Islands)', 'KYD', 0, 0, 1),
(309, 75, 'Cedi (Ghana)', 'GHC', 0, 0, 1),
(310, 75, 'CFA Franc BCEAO (Guinea-Bissau)', 'XOF', 0, 0, 1),
(311, 75, 'CFA Franc BEAC (Central African Republic)', 'XAF', 0, 0, 1),
(312, 75, 'CFP Franc (New Caledonia)', 'XPF', 0, 0, 1),
(313, 75, 'Chilean Peso (Chile)', 'CLP', 0, 0, 1),
(314, 75, 'Colombian Peso (Colombia)', 'COP', 0, 0, 1),
(315, 75, 'Comoro Franc (Comoros)', 'KMF', 0, 0, 1),
(316, 75, 'Convertable Marks (Bosnia And Herzegovina)', 'BAM', 0, 0, 1),
(317, 75, 'Cordoba Oro (Nicaragua)', 'NIO', 0, 0, 1),
(318, 75, 'Costa Rican Colon (Costa Rica)', 'CRC', 0, 0, 1),
(319, 75, 'Cuban Peso (Cuba)', 'CUP', 0, 0, 1),
(320, 75, 'Cyprus Pound (Cyprus)', 'CYP', 0, 0, 1),
(321, 75, 'Czech Koruna (Czech Republic)', 'CZK', 0, 0, 1),
(322, 75, 'Dalasi (Gambia)', 'GMD', 0, 0, 1),
(323, 75, 'Danish Krone (Denmark)', 'DKK', 0, 0, 1),
(324, 75, 'Denar (The Former Yugoslav Republic Of Macedonia)', 'MKD', 0, 0, 1),
(325, 75, 'Deutsche Mark (Germany)', 'DEM', 0, 0, 1),
(326, 75, 'Dirham (United Arab Emirates)', 'AED', 0, 0, 1),
(327, 75, 'Djibouti Franc (Djibouti)', 'DJF', 0, 0, 1),
(328, 75, 'Dobra (Sao Tome And Principe)', 'STD', 0, 0, 1),
(329, 75, 'Dominican Peso (Dominican Republic)', 'DOP', 0, 0, 1),
(330, 75, 'Dong (Vietnam)', 'VND', 0, 0, 1),
(331, 75, 'Drachma (Greece)', 'GRD', 0, 0, 1),
(332, 75, 'East Caribbean Dollar (Grenada)', 'XCD', 0, 0, 1),
(333, 75, 'Egyptian Pound (Egypt)', 'EGP', 0, 0, 1),
(334, 75, 'El Salvador Colon (El Salvador)', 'SVC', 0, 0, 1),
(335, 75, 'Ethiopian Birr (Ethiopia)', 'ETB', 0, 0, 1),
(336, 75, 'Euro (Europe)', 'EUR', 0, 0, 1),
(337, 75, 'Falkland Islands Pound (Falkland Islands)', 'FKP', 0, 0, 1),
(338, 75, 'Fiji Dollar (Fiji)', 'FJD', 0, 0, 1),
(339, 75, 'Forint (Hungary)', 'HUF', 0, 0, 1),
(340, 75, 'Franc Congolais (The Democratic Republic Of Congo)', 'CDF', 0, 0, 1),
(341, 75, 'French Franc (France)', 'FRF', 0, 0, 1),
(342, 75, 'Gibraltar Pound (Gibraltar)', 'GIP', 0, 0, 1),
(343, 75, 'Gold', 'XAU', 0, 0, 1),
(344, 75, 'Gourde (Haiti)', 'HTG', 0, 0, 1),
(345, 75, 'Guarani (Paraguay)', 'PYG', 0, 0, 1),
(346, 75, 'Guinea Franc (Guinea)', 'GNF', 0, 0, 1),
(347, 75, 'Guinea-Bissau Peso (Guinea-Bissau)', 'GWP', 0, 0, 1),
(348, 75, 'Guyana Dollar (Guyana)', 'GYD', 0, 0, 1),
(349, 75, 'Hong Kong Dollar (Hong Kong)', 'HKD', 0, 0, 1),
(350, 75, 'Hryvnia (Ukraine)', 'UAH', 0, 0, 1),
(351, 75, 'Iceland Krona (Iceland)', 'ISK', 0, 0, 1),
(352, 75, 'Indian Rupee (India)', 'INR', 0, 0, 1),
(353, 75, 'Iranian Rial (Islamic Republic Of Iran)', 'IRR', 0, 0, 1),
(354, 75, 'Iraqi Dinar (Iraq)', 'IQD', 0, 0, 1),
(355, 75, 'Irish Pound (Ireland)', 'IEP', 0, 0, 1),
(356, 75, 'Italian Lira (Italy)', 'ITL', 0, 0, 1),
(357, 75, 'Jamaican Dollar (Jamaica)', 'JMD', 0, 0, 1),
(358, 75, 'Jordanian Dinar (Jordan)', 'JOD', 0, 0, 1),
(359, 75, 'Kenyyan Shilling (Kenya)', 'KES', 0, 0, 1),
(360, 75, 'Kina (Papua New Guinea)', 'PGK', 0, 0, 1),
(361, 75, 'Kip (Lao People''s Democratic Republic)', 'LAK', 0, 0, 1),
(362, 75, 'Kroon (Estonia)', 'EEK', 0, 0, 1),
(363, 75, 'Kuna (Croatia)', 'HRK', 0, 0, 1),
(364, 75, 'Kuwaiti Dinar (Kuwait)', 'KWD', 0, 0, 1),
(365, 75, 'Kwacha (Malawi)', 'MWK', 0, 0, 1),
(366, 75, 'Kwacha (Zambia)', 'ZMK', 0, 0, 1),
(367, 75, 'Kwanza Reajustado (Angola)', 'AOR', 0, 0, 1),
(368, 75, 'Kyat (Myanmar)', 'MMK', 0, 0, 1),
(369, 75, 'Lari (Georgia)', 'GEL', 0, 0, 1),
(370, 75, 'Latvian Lats (Latvia)', 'LVL', 0, 0, 1),
(371, 75, 'Lebanese Pound (Lebanon)', 'LBP', 0, 0, 1),
(372, 75, 'Lek (Albania)', 'ALL', 0, 0, 1),
(373, 75, 'Lempira (Honduras)', 'HNL', 0, 0, 1),
(374, 75, 'Leone (Sierra Leone)', 'SLL', 0, 0, 1),
(375, 75, 'Leu (Romania)', 'ROL', 0, 0, 1),
(376, 75, 'Lev (Bulgaria)', 'BGL', 0, 0, 1),
(377, 75, 'Liberian Dollar (Liberia)', 'LRD', 0, 0, 1),
(378, 75, 'Libyan Dinar (Libyan Arab Jamahiriya)', 'LYD', 0, 0, 1),
(379, 75, 'Lilangeni (Swaziland)', 'SZL', 0, 0, 1),
(380, 75, 'Lithuanian Litas (Lithuania)', 'LTL', 0, 0, 1),
(381, 75, 'Loti (Lesotho)', 'LSL', 0, 0, 1),
(382, 75, 'Luxembourg Franc (Luxembourg)', 'LUF', 0, 0, 1),
(383, 75, 'Malagasy Franc (Madagascar)', 'MGF', 0, 0, 1),
(384, 75, 'Malaysian Ringgit (Malaysia)', 'MYR', 0, 0, 1),
(385, 75, 'Maltese Lira (Malta)', 'MTL', 0, 0, 1),
(386, 75, 'Manat (Turkmenistan)', 'TMM', 0, 0, 1),
(387, 75, 'Markka (Finland)', 'FIM', 0, 0, 1),
(388, 75, 'Mauritius Rupee (Mauritius)', 'MUR', 0, 0, 1),
(389, 75, 'Metical (Mozambique)', 'MZM', 0, 0, 1),
(390, 75, 'Mexican Peso (Mexico)', 'MXN', 0, 0, 1),
(391, 75, 'Mexican Unidad de Inversion (Mexico)', 'MXV', 0, 0, 1),
(392, 75, 'Moldovan Leu (Republic Of Moldova)', 'MDL', 0, 0, 1),
(393, 75, 'Moroccan Dirham (Morocco)', 'MAD', 0, 0, 1),
(394, 75, 'Mvdol (Bolivia)', 'BOV', 0, 0, 1),
(395, 75, 'Naira (Nigeria)', 'NGN', 0, 0, 1),
(396, 75, 'Nakfa (Eritrea)', 'ERN', 0, 0, 1),
(397, 75, 'Namibia Dollar (Namibia)', 'NAD', 0, 0, 1),
(398, 75, 'Nepalese Rupee (Napal)', 'NPR', 0, 0, 1),
(399, 75, 'Netherlands (Netherlands)', 'ANG', 0, 0, 1),
(400, 75, 'Netherlands Guilder (Netherlands)', 'NLG', 0, 0, 1),
(401, 75, 'New Dinar (Yugoslavia)', 'YUM', 0, 0, 1),
(402, 75, 'New Israeli Sheqel (Israel)', 'ILS', 0, 0, 1),
(403, 75, 'New Kwanza (Angola)', 'AON', 0, 0, 1),
(404, 75, 'New Taiwan Dollar (Province Of China Taiwan)', 'TWD', 0, 0, 1),
(405, 75, 'New Zaire (Zaire)', 'ZRN', 0, 0, 1),
(406, 75, 'New Zealand Dollar (New Zealand)', 'NZD', 0, 0, 1),
(407, 75, 'Ngultrum (Bhutan)', 'BTN', 0, 0, 1),
(408, 75, 'North Korean Won (Dem. People''s Repub. Of Korea)', 'KPW', 0, 0, 1),
(409, 75, 'Norwegian Krone (Norway)', 'NOK', 0, 0, 1),
(410, 75, 'Nuevo Sol (Peru)', 'PEN', 0, 0, 1),
(411, 75, 'Ouguiya (Mauritania)', 'MRO', 0, 0, 1),
(412, 75, 'Pa''anga (Tonga)', 'TOP', 0, 0, 1),
(413, 75, 'Pakistan Rupee (Pakistan)', 'PKR', 0, 0, 1),
(414, 75, 'Palladium', 'XPD', 0, 0, 1),
(415, 75, 'Pataca (Macau)', 'MOP', 0, 0, 1),
(416, 75, 'Peso Uruguayo (Uruguay)', 'UYU', 0, 0, 1),
(417, 75, 'Philippine Peso (Philippines)', 'PHP', 0, 0, 1),
(418, 75, 'Platinum', 'XPT', 0, 0, 1),
(419, 75, 'Portuguese Escudo (Portugal)', 'PTE', 0, 0, 1),
(420, 75, 'Pound Sterling (United Kingdom)', 'GBP', 0, 0, 1),
(421, 75, 'Pula (Botswana)', 'BWP', 0, 0, 1),
(422, 75, 'Qatari Rial (Qatar)', 'QAR', 0, 0, 1),
(423, 75, 'Quetzal (Guatemala)', 'GTQ', 0, 0, 1),
(424, 75, 'Rand (Financial) (Lesotho)', 'ZAL', 0, 0, 1),
(425, 75, 'Rand (South Africa)', 'ZAR', 0, 0, 1),
(426, 75, 'Rial Omani (Oman)', 'OMR', 0, 0, 1),
(427, 75, 'Riel (Cambodia)', 'KHR', 0, 0, 1),
(428, 75, 'Rufiyaa (Maldives)', 'MVR', 0, 0, 1),
(429, 75, 'Rupiah (Indonesia)', 'IDR', 0, 0, 1),
(430, 75, 'Russian Ruble (Russian Federation)', 'RUB', 0, 0, 1),
(431, 75, 'Russian Ruble (Russian Federation)', 'RUR', 0, 0, 1),
(432, 75, 'Rwanda Franc (Rwanda)', 'RWF', 0, 0, 1),
(433, 75, 'Saudi Riyal (Saudi Arabia)', 'SAR', 0, 0, 1),
(434, 75, 'Schilling (Austria)', 'ATS', 0, 0, 1),
(435, 75, 'Seychelles Rupee (Seychelles)', 'SCR', 0, 0, 1),
(436, 75, 'Silver', 'XAG', 0, 0, 1),
(437, 75, 'Singapore Dollar (Singapore)', 'SGD', 0, 0, 1),
(438, 75, 'Slovak Koruna (Slovakia)', 'SKK', 0, 0, 1),
(439, 75, 'Solomon Islands Dollar (Solomon Islands)', 'SBD', 0, 0, 1),
(440, 75, 'Som (Kyrgyzstan)', 'KGS', 0, 0, 1),
(441, 75, 'Somali Shilling (Somalia)', 'SOS', 0, 0, 1),
(442, 75, 'Spanish Peseta (Spain)', 'ESP', 0, 0, 1),
(443, 75, 'Sri Lanka Rupee (Sri Lanka)', 'LKR', 0, 0, 1),
(444, 75, 'St Helena Pound (St Helena)', 'SHP', 0, 0, 1),
(445, 75, 'Sucre (Ecuador)', 'ECS', 0, 0, 1),
(446, 75, 'Sundanese Dinar (Sudan)', 'SDD', 0, 0, 1),
(447, 75, 'Surinam Guilder (Suriname)', 'SRG', 0, 0, 1),
(448, 75, 'Swedish Krona (Sweden)', 'SEK', 0, 0, 1),
(449, 75, 'Swiss Franc (Switzerland)', 'CHF', 0, 0, 1),
(450, 75, 'Syrian Pound (Syrian Arab Republic)', 'SYP', 0, 0, 1),
(451, 75, 'Tajik Ruble (Tajikistan)', 'TJR', 0, 0, 1),
(452, 75, 'Taka (Bangladesh)', 'BDT', 0, 0, 1),
(453, 75, 'Tala (Samoa)', 'WST', 0, 0, 1),
(454, 75, 'Tanzanian Shilling (United Republic Of Tanzania)', 'TZS', 0, 0, 1),
(455, 75, 'Tenge (Kazakhstan)', 'KZT', 0, 0, 1),
(456, 75, 'Timor Escudo (East Timor)', 'TPE', 0, 0, 1),
(457, 75, 'Tolar (Slovenia)', 'SIT', 0, 0, 1),
(458, 75, 'Trinidad and Tobago Dollar (Trinidad And Tobago)', 'TTD', 0, 0, 1),
(459, 75, 'Tugrik (Mongolia)', 'MNT', 0, 0, 1),
(460, 75, 'Tunisian Dinar (Tunisia)', 'TND', 0, 0, 1),
(461, 75, 'Turkish Lira (Turkey)', 'TRL', 0, 0, 1),
(462, 75, 'Uganda Shilling (Uganda)', 'UGX', 0, 0, 1),
(463, 75, 'Unidad de Valor Constante (Ecuador)', 'ECV', 0, 0, 1),
(464, 75, 'Unidades de fomento (Chile)', 'CLF', 0, 0, 1),
(465, 75, 'US Dollar (Next day) (United States)', 'USN', 0, 0, 1),
(466, 75, 'US Dollar (Same day) (United States)', 'USS', 0, 0, 1),
(467, 75, 'US Dollar (United States)', 'USD', 0, 0, 1),
(468, 75, 'Uzbekistan Sum (Uzbekistan)', 'UZS', 0, 0, 1),
(469, 75, 'Vatu (Vanuatu)', 'VUV', 0, 0, 1),
(470, 75, 'Won (Republic Of Korea)', 'KRW', 0, 0, 1),
(471, 75, 'Yemeni Rial (Yemen)', 'YER', 0, 0, 1),
(472, 75, 'Yen (Japan)', 'JPY', 0, 0, 1),
(473, 75, 'Yuan Renminbi (China)', 'CNY', 0, 0, 1),
(474, 75, 'Zimbabwe Dollar (Zimbabwe)', 'ZWD', 0, 0, 1),
(475, 75, 'Zloty (Poland)', 'PLN', 0, 0, 1),
(476, 75, 'Afghanistan - Afghani', 'AFA', 0, 0, 1),
(477, 75, 'Canada - Canadian Dollar', 'CAD', 0, 0, 1),
(478, 75, 'United States - US Dollar', 'USD', 0, 0, 1),
(479, 75, 'United Kingdom - Pounds Sterling', 'GBP', 0, 0, 1),
(480, 75, 'Albania-Lek', 'ALL', 0, 0, 1),
(481, 75, 'Algeria-Algerian Dinar', 'DZD', 0, 0, 1),
(482, 75, 'Angola-New Kwanza', 'AON', 0, 0, 1),
(483, 75, 'Argentina-Argentine Peso', 'ARS', 0, 0, 1),
(484, 75, 'Aruba-Aruban Guilder', 'AWG', 0, 0, 1),
(485, 75, 'Australia-Australian Dollar', 'AUD', 0, 0, 1),
(486, 75, 'Austria-Euro', 'EUR', 0, 0, 1),
(487, 75, 'Bahamas-Bahamian Dollar', 'BSD', 0, 0, 1),
(488, 75, 'Bahrain-Bahraini Dinar', 'BHD', 0, 0, 1),
(489, 75, 'Bangladesh-Taka', 'BDT', 0, 0, 1),
(490, 75, 'Barbados-Barbados Dollar', 'BBD', 0, 0, 1),
(491, 75, 'Belgium-Euro', 'EUR', 0, 0, 1),
(492, 75, 'Belize-Belize Dollar', 'BZD', 0, 0, 1),
(493, 75, 'Bermuda-Bermudian Dollar', 'BMD', 0, 0, 1),
(494, 75, 'Bolivia-Boliviano', 'BOB', 0, 0, 1),
(495, 75, 'Bosnia & Herzegovina-Bosnian Dinar', 'BAD', 0, 0, 1),
(496, 75, 'Botswana-Pula', 'BWP', 0, 0, 1),
(497, 75, 'Brazil-Real', 'BRL', 0, 0, 1),
(498, 75, 'Brunei-Brunei Dollar', 'BND', 0, 0, 1),
(499, 75, 'Bulgaria-Lev', 'BGL', 0, 0, 1),
(500, 75, 'Burkina Faso, Mali, Senegal-CFA Franc BCEAO', 'XOF', 0, 0, 1),
(501, 75, 'Burundi-Burundi Franc', 'BIF', 0, 0, 1),
(502, 75, 'Cambodia-Cambodia Riel', 'KHR', 0, 0, 1),
(503, 75, 'Cameroon, Central African Republic, Chad, Congo, E', 'XAF', 0, 0, 1),
(504, 75, 'Cape Verde-Cape Verde Escudo', 'CVE', 0, 0, 1),
(505, 75, 'Cayman Islands-Cayman Islands Dollar', 'KYD', 0, 0, 1),
(506, 75, 'Chile-Chilean Peso', 'CLP', 0, 0, 1),
(507, 75, 'China-Yuan Renminbi', 'CNY', 0, 0, 1),
(508, 75, 'Colombia-Colombian Peso', 'COP', 0, 0, 1),
(509, 75, 'Comoros-Comoro Franc', 'KMF', 0, 0, 1),
(510, 75, 'Costa Rica-Costa Rican Colon', 'CRC', 0, 0, 1),
(511, 75, 'Croatia-Croatian Kuna', 'HRK', 0, 0, 1),
(512, 75, 'Cuba-Cuban Peso', 'CUP', 0, 0, 1),
(513, 75, 'Cyprus-Cyprus Pound', 'CYP', 0, 0, 1),
(514, 75, 'Czech Republic-Czech Koruna', 'CZK', 0, 0, 1),
(515, 75, 'Denmark-Danish Krone', 'DKK', 0, 0, 1),
(516, 75, 'Djibouti-Djibouti Franc', 'DJF', 0, 0, 1),
(517, 75, 'Dominica-East Caribbean Dollar', 'XCD', 0, 0, 1),
(518, 75, 'Dominican Republic-Dominican Peso', 'DOP', 0, 0, 1),
(519, 75, 'East Timor-Timor Escudo', 'TPE', 0, 0, 1),
(520, 75, 'Ecuador-Ecuador Sucre', 'ECS', 0, 0, 1),
(521, 75, 'Egypt-Egyptian Pound', 'EGP', 0, 0, 1),
(522, 75, 'El Salvador-El Salvador Colon', 'SVC', 0, 0, 1),
(523, 75, 'Estonia-Kroon', 'EEK', 0, 0, 1),
(524, 75, 'Ethiopia-Ethiopian Birr', 'ETB', 0, 0, 1),
(525, 75, 'Europe-Euro', 'EUR', 0, 0, 1),
(526, 75, 'Falkland Islands-Falkland Islands Pound', 'FKP', 0, 0, 1),
(527, 75, 'Fiji-Fiji Dollar', 'FJD', 0, 0, 1),
(528, 75, 'Finland-Euro', 'EUR', 0, 0, 1),
(529, 75, 'France-Euro', 'EUR', 0, 0, 1),
(530, 75, 'French Polynesia-CFP Franc', 'XPF', 0, 0, 1),
(531, 75, 'Gambia-Dalasi', 'GMD', 0, 0, 1),
(532, 75, 'Germany-Euro', 'EUR', 0, 0, 1),
(533, 75, 'Ghana-Cedi', 'GHC', 0, 0, 1),
(534, 75, 'Gibraltar-Gibraltar Pound', 'GIP', 0, 0, 1),
(535, 75, 'Greece-Euro', 'EUR', 0, 0, 1),
(536, 75, 'Guatemala-Quetzal', 'GTQ', 0, 0, 1),
(537, 75, 'Guinea-Guinea Franc', 'GNF', 0, 0, 1),
(541, 1, '1 day', '', 1, 0, 1),
(545, 1, '3 months', '', 93, 0, 1),
(546, 1, '6 months', '', 183, 0, 1),
(547, 1, '2 days', '', 2, 0, 1),
(548, 1, '2 weeks', '', 14, 0, 1),
(549, 1, '3 weeks', '', 21, 0, 1),
(550, 20, 'baseline', 'baseline', 0, 0, 1),
(551, 20, 'middle', 'middle', 0, 0, 1),
(552, 20, 'sub', 'sub', 0, 0, 1),
(553, 20, 'super', 'super', 0, 0, 1),
(554, 20, 'text-top', 'text-top', 0, 0, 1),
(555, 20, 'text-bottom', 'text-bottom', 0, 0, 1),
(556, 20, 'top', 'top', 0, 0, 1),
(557, 20, 'bottom', 'bottom', 0, 0, 1),
(673, 1, 'No Expiration', '', 0, 0, 1),
(697, 14, 'No Photo Available', 'images/sign_flyer/sign_flyer_no_photo.gif', 0, 0, 1),
(698, 13, 'No Photo Available', 'images/sign_flyer/sign_flyer_no_photo.gif', 0, 0, 1),
(699, 14, 'No Photo Available - Automobiles', 'images/sign_flyer/sign_flyer_auto.gif', 0, 0, 1),
(700, 13, 'No Photo Available - Automobiles', 'images/sign_flyer/sign_flyer_auto.gif', 0, 0, 1),
(701, 14, 'No Photo Available - Real Estate', 'images/sign_flyer/sign_flyer_realestate.gif', 0, 0, 1),
(702, 13, 'No Photo Available - Real Estate', 'images/sign_flyer/sign_flyer_realestate.gif', 0, 0, 1),
(703, 14, 'No Photo Available - Equine', 'images/sign_flyer/sign_flyer_equine.gif', 0, 0, 1),
(704, 13, 'No Photo Available -  Equine', 'images/sign_flyer/sign_flyer_equine.gif', 0, 0, 1),
(827, 10, 'beach front an', 'addons/attention_getters/images/banners/beach_front_an.gif', 0, 0, 1),
(828, 10, 'make offer an', 'addons/attention_getters/images/banners/make_offer_an.gif', 0, 0, 1),
(829, 10, 'price lowered an', 'addons/attention_getters/images/banners/price_lowered_an.gif', 0, 0, 1),
(830, 10, 'wow', 'addons/attention_getters/images/banners/wow.gif', 0, 0, 1),
(831, 10, 'free shipping', 'addons/attention_getters/images/banners/free_shipping.gif', 0, 0, 1),
(832, 10, 'must sell an', 'addons/attention_getters/images/banners/must_sell_an.gif', 0, 0, 1),
(833, 10, 'mint condition', 'addons/attention_getters/images/banners/mint_condition.gif', 0, 0, 1),
(834, 10, 'featured', 'addons/attention_getters/images/banners/featured.gif', 0, 0, 1),
(835, 10, 'hot rod an', 'addons/attention_getters/images/banners/hot_rod_an.gif', 0, 0, 1),
(836, 10, 'hot rod2', 'addons/attention_getters/images/banners/hot_rod2.gif', 0, 0, 1),
(837, 10, 'ocean view an', 'addons/attention_getters/images/banners/ocean_view_an.gif', 0, 0, 1),
(838, 10, 'sweetheart2 an', 'addons/attention_getters/images/banners/sweetheart2_an.gif', 0, 0, 1),
(839, 10, 'too hot', 'addons/attention_getters/images/banners/too_hot.gif', 0, 0, 1),
(840, 10, 'heart throb2 an', 'addons/attention_getters/images/banners/heart_throb2_an.gif', 0, 0, 1),
(841, 10, 'wow an', 'addons/attention_getters/images/banners/wow_an.gif', 0, 0, 1),
(842, 10, 'hot rod', 'addons/attention_getters/images/banners/hot_rod.gif', 0, 0, 1),
(843, 10, 'wont last', 'addons/attention_getters/images/banners/wont_last.gif', 0, 0, 1),
(844, 10, 'wont last an', 'addons/attention_getters/images/banners/wont_last_an.gif', 0, 0, 1),
(845, 10, 'price lowered2', 'addons/attention_getters/images/banners/price_lowered2.gif', 0, 0, 1),
(846, 10, 'hottie', 'addons/attention_getters/images/banners/hottie.gif', 0, 0, 1),
(847, 10, 'heart throb', 'addons/attention_getters/images/banners/heart_throb.gif', 0, 0, 1),
(848, 10, 'hot deal2', 'addons/attention_getters/images/banners/hot_deal2.gif', 0, 0, 1),
(849, 10, 'sweet ride', 'addons/attention_getters/images/banners/sweet_ride.gif', 0, 0, 1),
(850, 10, 'sweetheart an', 'addons/attention_getters/images/banners/sweetheart_an.gif', 0, 0, 1),
(851, 10, 'too hot an', 'addons/attention_getters/images/banners/too_hot_an.gif', 0, 0, 1),
(852, 10, 'like new an', 'addons/attention_getters/images/banners/like_new_an.gif', 0, 0, 1),
(853, 10, 'heart throb2', 'addons/attention_getters/images/banners/heart_throb2.gif', 0, 0, 1),
(854, 10, 'must sell', 'addons/attention_getters/images/banners/must_sell.gif', 0, 0, 1),
(855, 10, 'featured an', 'addons/attention_getters/images/banners/featured_an.gif', 0, 0, 1),
(856, 10, 'dont miss this', 'addons/attention_getters/images/banners/dont_miss_this.gif', 0, 0, 1),
(857, 10, 'sweet ride an', 'addons/attention_getters/images/banners/sweet_ride_an.gif', 0, 0, 1),
(858, 10, 'great deal an', 'addons/attention_getters/images/banners/great_deal_an.gif', 0, 0, 1),
(859, 10, 'hot deal2 an', 'addons/attention_getters/images/banners/hot_deal2_an.gif', 0, 0, 1),
(860, 10, 'classic', 'addons/attention_getters/images/banners/classic.gif', 0, 0, 1),
(861, 10, 'must sell2 an', 'addons/attention_getters/images/banners/must_sell2_an.gif', 0, 0, 1),
(862, 10, 'hottie an', 'addons/attention_getters/images/banners/hottie_an.gif', 0, 0, 1),
(863, 10, 'hot rod2 an', 'addons/attention_getters/images/banners/hot_rod2_an.gif', 0, 0, 1),
(864, 10, 'hot deal', 'addons/attention_getters/images/banners/hot_deal.gif', 0, 0, 1),
(865, 10, 'dont miss this an', 'addons/attention_getters/images/banners/dont_miss_this_an.gif', 0, 0, 1),
(866, 10, 'beach front', 'addons/attention_getters/images/banners/beach_front.gif', 0, 0, 1),
(867, 10, 'wow2 an', 'addons/attention_getters/images/banners/wow2_an.gif', 0, 0, 1),
(868, 10, 'classic an', 'addons/attention_getters/images/banners/classic_an.gif', 0, 0, 1),
(869, 10, 'sweetheart', 'addons/attention_getters/images/banners/sweetheart.gif', 0, 0, 1),
(870, 10, 'like new', 'addons/attention_getters/images/banners/like_new.gif', 0, 0, 1),
(871, 10, 'water front', 'addons/attention_getters/images/banners/water_front.gif', 0, 0, 1),
(872, 10, 'ocean view', 'addons/attention_getters/images/banners/ocean_view.gif', 0, 0, 1),
(873, 10, 'must sell2', 'addons/attention_getters/images/banners/must_sell2.gif', 0, 0, 1),
(874, 10, 'free shipping an', 'addons/attention_getters/images/banners/free_shipping_an.gif', 0, 0, 1),
(875, 10, 'great deal2', 'addons/attention_getters/images/banners/great_deal2.gif', 0, 0, 1),
(876, 10, 'great deal', 'addons/attention_getters/images/banners/great_deal.gif', 0, 0, 1),
(877, 10, 'hot deal an', 'addons/attention_getters/images/banners/hot_deal_an.gif', 0, 0, 1),
(878, 10, 'sweetheart2', 'addons/attention_getters/images/banners/sweetheart2.gif', 0, 0, 1),
(879, 10, 'mint condition an', 'addons/attention_getters/images/banners/mint_condition_an.gif', 0, 0, 1),
(880, 10, 'wow2', 'addons/attention_getters/images/banners/wow2.gif', 0, 0, 1),
(881, 10, 'price lowered2 an', 'addons/attention_getters/images/banners/price_lowered2_an.gif', 0, 0, 1),
(882, 10, 'water front an', 'addons/attention_getters/images/banners/water_front_an.gif', 0, 0, 1),
(883, 10, 'price lowered', 'addons/attention_getters/images/banners/price_lowered.gif', 0, 0, 1),
(884, 10, 'great deal2 an', 'addons/attention_getters/images/banners/great_deal2_an.gif', 0, 0, 1),
(885, 10, 'make offer', 'addons/attention_getters/images/banners/make_offer.gif', 0, 0, 1),
(886, 10, 'heart throb an', 'addons/attention_getters/images/banners/heart_throb_an.gif', 0, 0, 1),
(887, 1, '1 week', '', 7, 0, 1),
(888, 1, '1 month', '', 31, 0, 1),
(889, 1, '2 months', '', 62, 0, 1),
(890, 1, '1 year', '', 365, 0, 1);

--
-- Dumping data for table `geodesic_classifieds_ad_configuration`
--

INSERT INTO `geodesic_classifieds_ad_configuration` (`number_of_photos_in_detail`, `maximum_image_description`, `display_url_field`, `maximum_upload_size`, `maximum_image_width`, `maximum_image_height`, `maximum_top_image_width`, `maximum_top_image_height`, `photo_columns`, `user_ad_template`, `user_extra_template`, `user_checkbox_template`, `auctions_user_ad_template`, `auctions_user_extra_template`, `auctions_user_checkbox_template`, `full_size_image_template`, `ad_detail_print_friendly_template`, `auction_detail_print_friendly_template`, `image_upload_type`, `image_upload_path`, `image_upload_save_type`, `url_image_directory`, `length_of_description`, `sign_maximum_image_width`, `sign_maximum_image_height`, `flyer_maximum_image_width`, `flyer_maximum_image_height`, `editable_category_specific`, `photo_quality`, `maximum_full_image_height`, `maximum_full_image_width`, `popup_image_template_id`, `popup_image_extra_width`, `popup_image_extra_height`, `print_title_length`, `textarea_wrap`, `title_module_text`, `title_module_language_display`, `lead_picture_width`, `lead_picture_height`, `use_buy_now`, `editable_buy_now`, `require_buy_now`, `editable_bid_start_time_field`, `clientside_image_uploader_view`, `image_uploader_default`) VALUES
(0, 100, 1, 10000000, 550, 550, 0, 0, 2, 69, 59, 56, 125, 124, 123, 104, 45, 135, 0, '/var/www/html/user_images/', 2, 'user_images/', 75, 425, 500, 200, 200, 1, 50, 750, 750, 95, 50, 100, 100, 0, '', 0, 190, 500, 0, 0, 0, 0, 0, 0);

--
-- Dumping data for table `geodesic_classifieds_configuration`
--
-- WARNING:  If this table is altered or removed, UPDATE TRIAL BUILDER!

INSERT INTO `geodesic_classifieds_configuration` (`classifieds_url`, `classifieds_file_name`, `classifieds_ssl_url`, `affiliate_url`, `use_ssl_in_sell_process`, `site_name`, `title_bar_description`, `site_backup_dir`, `width_of_pages`, `site_page_align`, `minimum_page_height`, `font_type`, `send_register_attempt_email_admin`, `secret_for_hash`, `use_email_verification_at_registration`, `admin_approves_all_registration`, `registration_url`, `registration_ssl_url`, `use_ssl_in_registration`, `additional_shipping_charge`, `use_company_name_field`, `use_phone_field`, `use_phone2_field`, `use_fax_field`, `use_url_field`, `use_business_type_field`, `use_user_agreement_field`, `require_company_name_field`, `require_business_type`, `require_phone_field`, `require_phone2_field`, `require_fax_field`, `require_url_field`, `number_of_browsing_columns`, `number_of_browsing_subcategory_columns`, `display_category_description`, `display_no_subcategory_message`, `display_ad_description_where`, `row_color1`, `row_color2`, `row_color_black`, `photo_icon_url`, `display_sub_category_ads`, `display_category_count`, `browsing_count_format`, `length_of_description`, `display_all_of_description`, `number_of_ads_to_display`, `max_word_width`, `footer_powered_by_link`, `help_image`, `sold_image`, `use_featured_feature`, `use_featured_feature_2`, `use_featured_feature_3`, `use_featured_feature_4`, `use_featured_feature_5`, `use_bolding_feature`, `use_better_placement_feature`, `use_attention_getters`, `all_ads_are_free`, `all_requests_are_free`, `expire_unfinished_period`, `charge_tax_by`, `default_tax_rate`, `paypal_id`, `paypal_currency_rate`, `paypal_currency`, `precurrency`, `postcurrency`, `payment_waiting_period`, `photo_or_icon`, `thumbnail_max_height`, `thumbnail_max_width`, `featured_ad_count`, `number_of_new_ads_to_display`, `show_country_dropdown`, `show_state_dropdown`, `days_can_upgrade`, `upgrade_time`, `days_to_renew`, `featured_pic_ad_column_count`, `featured_ad_page_count`, `use_category_cache`, `category_cache_time`, `send_successful_placement_email`, `number_of_sellers_to_display`, `display_sub_category_sellers`, `voting_system`, `number_of_vote_comments_to_display`, `post_login_page`, `category_tree_display`, `place_ads_only_in_terminal_categories`, `entry_date_configuration`, `number_of_featured_ads_to_display`, `featured_thumbnail_max_height`, `featured_thumbnail_max_width`, `image_link_destination_type`, `display_category_tree`, `display_category_navigation`, `admin_approves_all_ads`, `subscription_expire_period_notice`, `use_rte`, `email_configuration_type`, `levels_of_categories_displayed`, `use_zip_distance_calculator`, `use_api`, `use_search_form`, `order_choose_category_by_alpha`, `popup_while_browsing`, `popup_while_browsing_width`, `popup_while_browsing_height`, `paypal_image_url`, `paypal_item_label`, `seller_contact`, `admin_email_edit`, `category_new_ad_limit`, `category_new_ad_image`, `password_key`, `use_css`, `user_set_hold_email`, `use_account_balance`, `positive_balances_only`, `maximum_print_description_length`, `no_image_url`, `home_template`, `invoice_cutoff`, `send_admin_placement_email`, `send_admin_end_email`, `subscription_to_view_or_bid_ads`, `site_balance_override`, `idevaffiliate`, `idev_renewal`, `idev_upgrade`, `idev_path`, `sell_category_column_count`, `levels_of_categories_displayed_admin`, `checkbox_columns`, `charset`, `email_salutation_type`, `debug_admin`, `debug_browse`, `debug_register`, `debug_feedback`, `debug_user_management`, `debug_images`, `debug_sell`, `debug_site`, `debug_affiliate`, `debug_renew`, `debug_bid`, `debug_authenticate`, `debug_modules`, `user_set_auction_end_times`, `user_set_auction_start_times`, `display_before_start`, `auction_extension_check`, `auction_extension`, `black_list_of_buyers`, `invited_list_of_buyers`, `title_module_text`, `buy_now_image`, `reserve_met_image`, `allow_standard`, `allow_dutch`, `no_reserve_image`, `buy_now_reserve`, `edit_begin`, `admin_only_removes_auctions`, `number_format`, `edit_reset_date`, `bid_history_link_live`, `site_on_off`, `disable_site_url`, `time_shift`, `listing_type_allowed`, `url_rewrite`, `optional_field_1_name`, `optional_field_2_name`, `optional_field_3_name`, `optional_field_4_name`, `optional_field_5_name`, `optional_field_6_name`, `optional_field_7_name`, `optional_field_8_name`, `optional_field_9_name`, `optional_field_10_name`, `optional_field_11_name`, `optional_field_12_name`, `optional_field_13_name`, `optional_field_14_name`, `optional_field_15_name`, `optional_field_16_name`, `optional_field_17_name`, `optional_field_18_name`, `optional_field_19_name`, `optional_field_20_name`, `default_display_order_while_browsing`, `ip_ban_check`, `number_of_feedbacks_to_display`, `display_storefront_link`, `storefront_url`, `member_since_date_configuration`, `popup_image_while_browsing`) VALUES
('https://example.com/index.php', 'index.php', '', 'https://example.com/aff.php', 0, 'GeoClassifieds Enterprise', 'Nothing bigger or better', '', 760, 'center', 0, '', 0, 'shorterthan20', 0, 0, 'https://example.com/register.php', '', 0, 1, 1, 1, 1, 0, 1, 1, 0, 0, 1, 1, 0, 0, 0, 3, 4, 1, 0, 1, 'ffff80', 'ffffff', '000066', 'images/misc/photo_icon2.gif', 1, 1, 3, 20, 0, 40, 50, 0, 'images%2Fmisc%2Fquestion_mark.gif', 'images/misc/attn_gtr_sold2.gif', 1, 0, 0, 0, 0, 1, 1, 1, 0, 0, 30, 1, 0.00, 'paypal@example.com', 0.0000, '', '$', 'US', 30, 1, 150, 150, 6, 0, 0, 0, 29, 0, 15, 5, 15, 0, 0, 0, 0, 0, 2, 10, 0, 1, 0, 'M j, Y, G:i:s', 5, 150, 150, 0, 1, 1, 0, 0, 0, 0, 2, 0, 0, 0, 0, 0, 0, 0, '', '', 0, 0, 120, 'images/misc/new_ad.gif', '', 1, 0, 1, 0, 1000, 'images/misc/nophoto.gif', 119, 0, 0, 0, 0, 0, 0, 0, 0, '', 3, 5, 4, 'utf-8', 0, 0, 0, 0, 0, 0, 0, 0, 0, 0, 0, 0, 0, 0, 1, 1, 0, 1, 1, 1, 1, '', 'images/misc/buynow2.gif', 'images/misc/resmet.gif', 1, 1, 'images/misc/nores.gif', 0, 0, 0, 0, 0, 1, 0, 'site_off.htm', 0, 0, 0, 'Optional Field 1', 'Optional Field 2', 'Optional Field 3', 'Optional Field 4', 'Optional Field 5', 'Optional Field 6', 'Optional Field 7', 'Optional Field 8', 'Optional Field 9', 'Optional Field 10', 'Optional Field 11', 'Optional Field 12', 'Optional Field 13', 'Optional Field 14', 'VIN', 'Optional Field 16', 'Optional Field 17', 'Optional Field 18', 'Optional Field 19', 'Shipping & Handling', -1, 0, 1, 0, 'https://example.com/stores.php', 'M j, Y', 0);

--
-- Dumping data for table `geodesic_classifieds_price_increments`
--

INSERT INTO `geodesic_classifieds_price_increments` (`price_plan_id`, `category_id`, `low`, `high`, `charge`, `renewal_charge`, `item_type`) VALUES
(1, 0, 50.01, 100.00, 20.00, 15.00, 1),
(1, 0, 10.01, 50.00, 10.00, 8.00, 1),
(1, 0, 0.01, 10.00, 5.00, 4.00, 1),
(1, 0, 100.01, 100000000.00, 30.00, 25.00, 1);

--
-- Dumping data for table `geodesic_classifieds_price_plans`
--

INSERT INTO `geodesic_classifieds_price_plans` (`price_plan_id`, `charge_per_ad_type`, `name`, `description`, `price_plan_expires_into`, `type_of_billing`, `charge_per_ad`, `featured_ad_price`, `featured_ad_price_2`, `featured_ad_price_3`, `featured_ad_price_4`, `featured_ad_price_5`, `bolding_price`, `attention_getter_price`, `charge_per_picture`, `better_placement_charge`, `ad_renewal_cost`, `subscription_billing_period`, `subscription_billing_charge_per_period`, `free_subscription_period_upon_registration`, `expiration_type`, `expiration_from_registration`, `max_ads_allowed`, `ad_and_subscription_expiration`, `instant_cash_renewals`, `instant_money_order_renewals`, `instant_check_renewals`, `allow_credits_for_renewals`, `use_featured_ads`, `use_featured_ads_level_2`, `use_featured_ads_level_3`, `use_featured_ads_level_4`, `use_featured_ads_level_5`, `use_bolding`, `use_better_placement`, `use_attention_getters`, `num_free_pics`, `invoice_max`, `initial_site_balance`, `buy_now_only`, `charge_percentage_at_auction_end`, `roll_final_fee_into_future`, `applies_to`, `delayed_start_auction`) VALUES
(1, 0, 'Silver Classifieds Plan', 'Classifieds Price Plan', 0, 1, 0.00, 0.00, 0.00, 0.00, 0.00, 0.00, 0.00, 0.00, 0.00, 0.00, 0.00, 1, 0.00, 0, 0, 0, 1000, 0, 0, 0, 0, 0, 1, 0, 0, 0, 0, 1, 1, 1, 0, 0.00, 0.00, 0, 0, 0, 1, 0),
(5, 0, 'Silver Auctions Plan', 'Auctions Price Plan', 0, 1, 0.00, 0.00, 0.00, 0.00, 0.00, 0.00, 0.00, 0.00, 0.00, 0.00, 0.00, 1, 0.00, 0, 0, 0, 1000, 0, 0, 0, 0, 0, 1, 0, 0, 0, 0, 1, 1, 1, 0, 0.00, 0.00, 0, 0, 1, 2, 0);

--
-- Dumping data for table `geodesic_classifieds_sell_questions`
--

INSERT INTO `geodesic_classifieds_sell_questions` (`question_id`, `category_id`, `group_id`, `name`, `explanation`, `choices`, `other_input`, `display_order`) VALUES
(95, 15, 0, 'Condition:', 'Please rate the condition of your vehicle.', '23', 0, 10),
(96, 15, 0, 'Transmission Type:', '', '35', 0, 11),
(97, 15, 0, 'Cylinders:', '', '33', 0, 12),
(98, 15, 0, 'Interior Color:', '', '26', 1, 15),
(99, 15, 0, 'Exterior Color:', '', '26', 1, 16),
(101, 15, 0, 'Keyless Entry', '', 'check', 0, 100),
(102, 15, 0, 'Alloy Wheels', '', 'check', 0, 101),
(103, 15, 0, 'Alarm', '', 'check', 0, 102),
(104, 15, 0, 'Cruise Control', '', 'check', 0, 103),
(105, 15, 0, 'Rear Defrost', '', 'check', 0, 104),
(106, 15, 0, 'Tilt Steering Wheel', '', 'check', 0, 105),
(107, 15, 0, 'Sunroof', '', 'check', 0, 106),
(114, 16, 0, '# of Bedrooms:', '', '27', 0, 11),
(115, 16, 0, '# of Bathrooms:', '', '29', 0, 12),
(116, 16, 0, 'Approximate Sq. Ft.:', '', '38', 0, 8),
(117, 16, 0, 'Approximate Acres:', '', '37', 0, 9),
(119, 16, 0, 'Year Built:', '', '32', 1, 7),
(120, 16, 0, '# of Fireplaces:', '', '27', 0, 15),
(121, 16, 0, 'Two Story', '', 'check', 0, 110),
(122, 16, 0, 'Master Bath', '', 'check', 0, 121),
(123, 16, 0, 'Fireplace(s)', '', 'check', 0, 122),
(124, 16, 0, '# of Garage Spaces:', '', '27', 0, 20),
(125, 16, 0, 'Kitchen Island', '', 'check', 0, 123),
(126, 16, 0, 'Basement', '', 'check', 0, 124),
(127, 16, 0, 'Laundry Room', '', 'check', 0, 125),
(129, 16, 0, 'Living Room', '', 'check', 0, 111),
(130, 16, 0, 'Dining Room', '', 'check', 0, 112),
(131, 16, 0, 'Family Room', '', 'check', 0, 113),
(132, 16, 0, 'Game Room', '', 'check', 0, 114),
(133, 16, 0, 'Central Heat & Air', '', 'check', 0, 126),
(134, 16, 0, 'Wood Floors', '', 'check', 0, 127),
(135, 16, 0, 'Corner Lot', '', 'check', 0, 140),
(136, 16, 0, 'Cul De Sac', '', 'check', 0, 141),
(139, 16, 0, 'Washer / Dryer Hookups', '', 'check', 0, 128),
(140, 16, 0, 'Range and Oven', '', 'check', 0, 129),
(141, 16, 0, 'Dishwasher', '', 'check', 0, 130),
(142, 16, 0, 'Garbage Disposal', '', 'check', 0, 131),
(143, 16, 0, 'Trash Compactor', '', 'check', 0, 132),
(145, 16, 0, 'Office', '', 'check', 0, 115),
(146, 16, 0, 'Vaulted Ceilings', '', 'check', 0, 118),
(147, 15, 0, 'Driver Side Airbag', '', 'check', 0, 107),
(148, 15, 0, 'Passenger Side Airbag', '', 'check', 0, 108),
(149, 15, 0, 'Side Impact Airbags', '', 'check', 0, 109),
(150, 15, 0, 'Power Seats', '', 'check', 0, 115),
(151, 15, 0, 'Leather Seats', '', 'check', 0, 111),
(152, 15, 0, 'GPS', '', 'check', 0, 96),
(153, 15, 0, 'OnStar Technology', '', 'check', 0, 97),
(154, 15, 0, 'Electronic Traction Control', '', 'check', 0, 112),
(156, 15, 0, 'Power Steering', '', 'check', 0, 113),
(157, 15, 0, 'Power Windows', '', 'check', 0, 114),
(158, 15, 0, 'Anti-Lock Brakes', '', 'check', 0, 116),
(159, 15, 0, 'DVD Player', '', 'check', 0, 117),
(160, 15, 0, 'CD Player', '', 'check', 0, 118),
(161, 15, 0, 'AM/FM Radio', '', 'check', 0, 119),
(162, 15, 0, 'Four-Wheel Drive', '', 'check', 0, 130),
(163, 15, 0, 'Front Wheel Drive', '', 'check', 0, 131),
(164, 15, 0, 'Warranty Available', '', 'check', 0, 95),
(165, 15, 0, 'Roof Rack', '', 'check', 0, 120),
(166, 15, 0, 'Air Conditioning', '', 'check', 0, 99),
(167, 310, 0, 'Year:', '', '32', 0, 10),
(168, 310, 0, 'Make:', '', 'none', 0, 2),
(169, 310, 0, 'Model:', '', 'none', 0, 3),
(171, 310, 0, 'Odometer:', '', '39', 0, 20);

--
-- Dumping data for table `geodesic_classifieds_sell_question_choices`
--

INSERT INTO `geodesic_classifieds_sell_question_choices` (`value_id`, `type_id`, `value`, `display_order`) VALUES
(97, 23, 'Fair', 3),
(98, 23, 'Good', 5),
(99, 23, 'Excellent', 6),
(100, 23, 'New', 8),
(112, 26, 'Gray', 4),
(113, 26, 'Black', 7),
(114, 26, 'Blue', 11),
(115, 26, 'Green', 13),
(116, 26, 'Yellow', 15),
(117, 26, 'Other', 20),
(118, 26, '', 1),
(119, 26, 'Red', 3),
(120, 23, '', 1),
(124, 27, '', 1),
(127, 27, '1', 2),
(128, 27, '2', 3),
(129, 27, '3', 4),
(130, 27, '4', 5),
(131, 27, '5', 6),
(132, 27, '6', 7),
(133, 27, '7', 8),
(135, 28, '', 1),
(136, 28, 'Standard', 2),
(137, 28, 'Automatic', 3),
(138, 28, 'Other', 5),
(139, 27, '8', 9),
(140, 29, '', 1),
(141, 29, '.5', 2),
(142, 29, '1', 3),
(143, 29, '1.5', 4),
(144, 29, '2', 5),
(145, 29, '2.5', 6),
(146, 29, '3', 7),
(147, 29, '3.5', 8),
(148, 29, '4', 9),
(149, 29, '5', 10),
(150, 29, '5.5', 11),
(151, 29, '6', 12),
(152, 29, '6.5', 13),
(153, 29, '7', 14),
(154, 30, '', 1),
(155, 30, '2', 2),
(156, 30, '4', 3),
(157, 30, '6', 4),
(158, 30, '8', 5),
(159, 30, '10', 6),
(160, 30, '12', 7),
(161, 27, '0', 1),
(162, 31, '', 1),
(163, 31, 'Gas', 5),
(164, 31, 'Electric', 10),
(165, 31, 'Other', 15),
(175, 32, '2010', 20),
(176, 32, '2009', 21),
(177, 32, '2008', 22),
(178, 32, '2007', 23),
(179, 32, '2006', 24),
(180, 32, '2005', 25),
(181, 32, '2004', 26),
(182, 32, '2003', 27),
(184, 32, '2002', 28),
(185, 32, '2001', 29),
(186, 32, '2000', 30),
(187, 32, '1999', 31),
(188, 32, '1998', 32),
(189, 32, '1997', 33),
(190, 32, '1996', 34),
(191, 32, '1995', 35),
(193, 32, '1994', 36),
(194, 32, '1993', 37),
(195, 32, '1992', 38),
(196, 32, '1991', 39),
(197, 32, '1990', 40),
(198, 32, '1989', 41),
(199, 32, '1988', 42),
(200, 32, '1987', 43),
(201, 32, '1986', 44),
(202, 32, '1985', 45),
(203, 32, '1984', 46),
(204, 32, '1983', 47),
(205, 32, '1982', 48),
(206, 32, '1981', 49),
(207, 32, '1980', 50),
(208, 32, '1979', 51),
(209, 32, '1978', 52),
(210, 32, '1977', 53),
(211, 32, '1976', 54),
(212, 32, '1975', 55),
(213, 32, '1974', 56),
(214, 32, '1973', 57),
(215, 32, '1972', 58),
(216, 32, '1971', 59),
(217, 32, '1970', 60),
(218, 32, '1969', 61),
(219, 32, '1968', 62),
(220, 32, '1967', 63),
(221, 32, '1966', 64),
(222, 32, '1965', 65),
(223, 32, '1964', 66),
(224, 32, '1963', 67),
(225, 32, '1962', 68),
(226, 32, '1961', 69),
(227, 32, '1960', 70),
(228, 32, '1959', 71),
(229, 32, '1958', 72),
(230, 32, '1957', 73),
(231, 32, '1956', 74),
(232, 32, '1955', 75),
(233, 32, '1954', 76),
(234, 32, '1953', 77),
(235, 32, '1952', 78),
(236, 32, '1951', 79),
(237, 32, '1950', 80),
(238, 32, '1949', 81),
(239, 32, '1948', 82),
(240, 32, '1947', 83),
(241, 32, '1946', 84),
(242, 32, '1945', 85),
(243, 32, '1944', 86),
(244, 32, '1943', 87),
(245, 32, '1942', 88),
(246, 32, '1941', 89),
(247, 32, '1940', 90),
(248, 32, '1939', 91),
(249, 32, '1938', 92),
(250, 32, '1937', 93),
(251, 32, '1936', 94),
(252, 32, '1935', 95),
(253, 32, '1934', 96),
(254, 32, '1933', 97),
(255, 32, '1932', 98),
(256, 32, '1931', 99),
(257, 32, '1930', 100),
(258, 33, '', 1),
(259, 33, '4 Cylinders', 5),
(260, 33, '6 Cylinders', 10),
(261, 33, '8 Cylinders', 15),
(262, 33, '10 Cylinders', 20),
(263, 33, '12 Cylinders', 25),
(264, 34, '', 1),
(265, 34, 'Unleaded', 5),
(266, 34, 'Diesel', 10),
(267, 34, 'Ethanol', 15),
(268, 34, 'Other', 20),
(269, 35, '', 1),
(270, 35, 'Automatic', 5),
(271, 35, 'Standard', 10),
(272, 35, 'Other', 15),
(273, 32, '', 1),
(275, 32, '2018', 18),
(276, 32, '2019', 17),
(277, 32, '2020', 16),
(278, 32, '2021', 15),
(279, 32, '2022', 14),
(274, 32, '2023', 13),
(280, 36, 'Circle', 1),
(281, 36, 'Square', 5),
(282, 36, 'Triangle', 10),
(283, 36, 'Rectangle', 3),
(285, 37, '.2', 5),
(286, 37, '.3', 10),
(287, 37, '.4', 15),
(288, 37, '.5', 20),
(289, 37, '.8', 30),
(290, 37, '1', 35),
(291, 37, '2', 40),
(292, 37, '3', 45),
(293, 37, '4', 50),
(294, 37, '5', 55),
(295, 37, '6', 60),
(296, 37, '10', 65),
(297, 37, '25', 100),
(298, 37, '50', 150),
(299, 37, '100', 200),
(300, 37, '1000', 500),
(301, 38, '600', 5),
(303, 38, '800', 10),
(304, 38, '1000', 15),
(305, 38, '1200', 20),
(306, 38, '1400', 25),
(307, 38, '1600', 30),
(308, 38, '1800', 35),
(309, 38, '2000', 40),
(310, 38, '2250', 45),
(311, 38, '2500', 50),
(312, 38, '2750', 55),
(313, 38, '3000', 60),
(314, 38, '3500', 65),
(315, 38, '4000', 70),
(316, 38, '5000', 75),
(317, 38, '6000', 80),
(318, 38, '7000', 85),
(319, 38, '8000', 90),
(320, 38, '9000', 95),
(321, 38, '10000', 100),
(322, 23, 'Certified Pre-Owned', 10),
(323, 39, '', 1),
(324, 39, '0', 5),
(326, 39, '1000', 10),
(327, 39, '5000', 20),
(328, 39, '10000', 30),
(329, 39, '20000', 40),
(330, 39, '40000', 50),
(331, 39, '60000', 60),
(332, 39, '75000', 70),
(333, 39, '100000', 80),
(334, 39, '150000', 90),
(335, 39, '200000', 100),
(336, 39, '300000', 150),
(337, 39, '500000', 200),
(338, 38, '', 1),
(339, 37, '', 1),
(340, 37, '.1', 3);

--
-- Dumping data for table `geodesic_classifieds_sell_questions_languages`
--

INSERT INTO `geodesic_classifieds_sell_questions_languages` (`question_id`, `language_id`, `name`, `explanation`, `choices`, `search_as_numbers`) VALUES
(95, 1, 'Condition:', 'Please rate the condition of your vehicle.', '23', 0),
(96, 1, 'Transmission Type:', '', '35', 0),
(97, 1, 'Cylinders:', '', '33', 0),
(98, 1, 'Interior Color:', '', '26', 0),
(99, 1, 'Exterior Color:', '', '26', 0),
(101, 1, 'Keyless Entry', '', 'check', 0),
(102, 1, 'Alloy Wheels', '', 'check', 0),
(103, 1, 'Alarm', '', 'check', 0),
(104, 1, 'Cruise Control', '', 'check', 0),
(105, 1, 'Rear Defrost', '', 'check', 0),
(106, 1, 'Tilt Steering Wheel', '', 'check', 0),
(107, 1, 'Sunroof', '', 'check', 0),
(114, 1, '# of Bedrooms:', '', '27', 1),
(115, 1, '# of Bathrooms:', '', '29', 1),
(116, 1, 'Approximate Sq. Ft.:', '', '38', 1),
(117, 1, 'Approximate Acres:', '', '37', 1),
(119, 1, 'Year Built:', '', '32', 1),
(120, 1, '# of Fireplaces:', '', '27', 1),
(121, 1, 'Two Story', '', 'check', 0),
(122, 1, 'Master Bath', '', 'check', 0),
(123, 1, 'Fireplace(s)', '', 'check', 0),
(124, 1, '# of Garage Spaces:', '', '27', 1),
(125, 1, 'Kitchen Island', '', 'check', 0),
(126, 1, 'Basement', '', 'check', 0),
(127, 1, 'Laundry Room', '', 'check', 0),
(129, 1, 'Living Room', '', 'check', 0),
(130, 1, 'Dining Room', '', 'check', 0),
(131, 1, 'Family Room', '', 'check', 0),
(132, 1, 'Game Room', '', 'check', 0),
(133, 1, 'Central Heat & Air', '', 'check', 0),
(134, 1, 'Wood Floors', '', 'check', 0),
(135, 1, 'Corner Lot', '', 'check', 0),
(136, 1, 'Cul De Sac', '', 'check', 0),
(139, 1, 'Washer / Dryer Hookups', '', 'check', 0),
(140, 1, 'Range and Oven', '', 'check', 0),
(141, 1, 'Dishwasher', '', 'check', 0),
(142, 1, 'Garbage Disposal', '', 'check', 0),
(143, 1, 'Trash Compactor', '', 'check', 0),
(145, 1, 'Office', '', 'check', 0),
(146, 1, 'Vaulted Ceilings', '', 'check', 0),
(147, 1, 'Driver Side Airbag', '', 'check', 0),
(148, 1, 'Passenger Side Airbag', '', 'check', 0),
(149, 1, 'Side Impact Airbags', '', 'check', 0),
(150, 1, 'Power Seats', '', 'check', 0),
(151, 1, 'Leather Seats', '', 'check', 0),
(152, 1, 'GPS', '', 'check', 0),
(153, 1, 'OnStar Technology', '', 'check', 0),
(154, 1, 'Electronic Traction Control', '', 'check', 0),
(156, 1, 'Power Steering', '', 'check', 0),
(157, 1, 'Power Windows', '', 'check', 0),
(158, 1, 'Anti-Lock Brakes', '', 'check', 0),
(159, 1, 'DVD Player', '', 'check', 0),
(160, 1, 'CD Player', '', 'check', 0),
(161, 1, 'AM/FM Radio', '', 'check', 0),
(162, 1, 'Four-Wheel Drive', '', 'check', 0),
(163, 1, 'Front Wheel Drive', '', 'check', 0),
(164, 1, 'Warranty Available', '', 'check', 0),
(165, 1, 'Roof Rack', '', 'check', 0),
(166, 1, 'Air Conditioning', '', 'check', 0),
(167, 1, 'Year:', '', '32', 1),
(168, 1, 'Make:', '', 'none', 0),
(169, 1, 'Model:', '', 'none', 0),
(171, 1, 'Odometer:', '', '39', 1);

--
-- Dumping data for table `geodesic_classifieds_sell_question_types`
--

INSERT INTO `geodesic_classifieds_sell_question_types` (`type_id`, `type_name`, `explanation`) VALUES
(23, 'Condition', ''),
(26, 'Colors', ''),
(27, 'Numbers', ''),
(28, 'Engine Type', ''),
(29, 'Half Numbers', ''),
(30, 'Even Numbers', ''),
(31, 'Heating Features', ''),
(32, 'Years', ''),
(33, 'Cylinders', ''),
(34, 'Fuel Type:', ''),
(35, 'Transmission', ''),
(36, 'Shapes', ''),
(37, 'Acres', ''),
(38, 'Square Feet', ''),
(39, 'Odometer', '');

--
-- Dumping data for table `geodesic_classifieds_subscription_choices`
--

INSERT INTO `geodesic_classifieds_subscription_choices` (`period_id`, `price_plan_id`, `display_value`, `value`, `amount`) VALUES
(13, 16, '1', 1, 5.00),
(14, 17, '1', 1, 5.00),
(15, 19, '30', 30, 3.00),
(16, 19, '60', 60, 6.00),
(21, 21, '40', 40, 4.00),
(22, 21, '70', 70, 7.00),
(25, 20, '40', 40, 4.00),
(26, 20, '70', 70, 7.00),
(27, 22, '10', 17, 16.00);

--
-- Dumping data for table `geodesic_cron`
--

INSERT INTO `geodesic_cron` (`task`, `type`, `last_run`, `running`, `interval`) VALUES
('archive_listings', 'main', 0, 0, 86400),
('close_listings', 'main', 0, 0, 60),
('send_listing_expiration_emails', 'main', 0, 0, 3600),
('process_email_queue', 'main', 0, 0, 300),
('expire_inactive_carts', 'main', 0, 0, 3600),
('remove_old_order_data', 'main', 0, 0, 86400),
('remove_old_invoices', 'main', 0, 0, 86400),
('remove_messages', 'main', 0, 0, 86400),
('remove_archived_listings', 'main', 0, 0, 86400),
('remove_old_recurring_data', 'main', 0, 0, 86400),
('recurring_billing_update_status', 'main', 0, 0, 86400),
('better_placement_rotation', 'main', 0, 0, 86400),
('send_new_listing_alert_emails', 'main', 0, 0, 3600);


--
-- Dumping data for table `geodesic_fields`
--

INSERT INTO `geodesic_fields` (`group_id`, `category_id`, `field_name`, `is_enabled`, `is_required`, `can_edit`, `field_type`, `type_data`, `text_length`) VALUES
(0, 0, 'addon_geographic_navigation_location', 1, 0, 1, 'other', '0', 0),
(0, 0, 'addon_storefront_display_link', 1, 0, 0, 'other', '0', 0),
(0, 0, 'address', 1, 0, 1, 'text', '', 50),
(0, 0, 'auction_start', 0, 0, 0, 'other', '', 0),
(0, 0, 'auction_time_left', 1, 0, 0, 'other', '', 0),
(0, 0, 'business_type', 1, 0, 0, 'other', '', 0),
(0, 0, 'city', 1, 0, 1, 'text', '', 20),
(0, 0, 'classified_start', 1, 0, 0, 'other', '', 0),
(0, 0, 'classified_time_left', 1, 0, 0, 'other', '', 0),
(0, 0, 'cost_options', 1, 0, 0, 'other', '10|10', 30),
(0, 0, 'country', 1, 0, 1, 'dropdown', '', 0),
(0, 0, 'description', 1, 1, 1, 'textarea', '', 2000),
(0, 0, 'email', 1, 0, 1, 'email', '', 150),
(0, 0, 'fax', 1, 0, 1, 'text', '', 14),
(0, 0, 'icons', 1, 0, 0, 'other', '', 0),
(0, 0, 'leveled_1_1', 0, 0, 0, 'other', '', 0),
(0, 0, 'leveled_1_2', 0, 0, 0, 'other', '', 0),
(0, 0, 'leveled_1_3', 0, 0, 0, 'other', '', 0),
(0, 0, 'leveled_2_1', 0, 0, 0, 'other', '', 0),
(0, 0, 'mapping_location', 1, 0, 1, 'text', '', 200),
(0, 0, 'num_bids', 1, 0, 0, 'other', '', 0),
(0, 0, 'optional_field_1', 0, 0, 1, 'dropdown', '26', 256),
(0, 0, 'optional_field_10', 0, 0, 1, 'text', '', 256),
(0, 0, 'optional_field_11', 0, 0, 1, 'text', '', 256),
(0, 0, 'optional_field_12', 0, 0, 1, 'text', '', 256),
(0, 0, 'optional_field_13', 0, 0, 1, 'text', '', 256),
(0, 0, 'optional_field_14', 0, 0, 1, 'text', '', 256),
(0, 0, 'optional_field_15', 0, 0, 1, 'text', '', 256),
(0, 0, 'optional_field_16', 0, 0, 1, 'text', '', 256),
(0, 0, 'optional_field_17', 0, 0, 1, 'text', '', 256),
(0, 0, 'optional_field_18', 0, 0, 1, 'text', '', 256),
(0, 0, 'optional_field_19', 0, 0, 1, 'text', '', 256),
(0, 0, 'optional_field_2', 0, 0, 1, 'text', '', 256),
(0, 0, 'optional_field_20', 1, 0, 1, 'cost', '', 256),
(0, 0, 'optional_field_3', 0, 0, 1, 'text', '', 256),
(0, 0, 'optional_field_4', 0, 0, 1, 'text', '', 256),
(0, 0, 'optional_field_5', 0, 0, 1, 'text', '', 256),
(0, 0, 'optional_field_6', 0, 0, 1, 'text', '', 256),
(0, 0, 'optional_field_7', 0, 0, 1, 'text', '', 256),
(0, 0, 'optional_field_8', 0, 0, 1, 'text', '', 256),
(0, 0, 'optional_field_9', 0, 0, 1, 'text', '', 256),
(0, 0, 'payment_types', 1, 0, 1, 'other', '', 0),
(0, 0, 'phone_1', 1, 0, 1, 'text', '', 14),
(0, 0, 'phone_2', 1, 0, 1, 'text', '', 14),
(0, 0, 'photo', 1, 0, 0, 'other', '', 0),
(0, 0, 'price', 1, 0, 1, 'cost', '', 12),
(0, 0, 'region_level_1', 1, 0, 1, 'dropdown', '', 0),
(0, 0, 'region_level_2', 1, 0, 0, 'dropdown', '', 0),
(0, 0, 'region_level_3', 1, 0, 0, 'dropdown', '', 0),
(0, 0, 'state', 1, 0, 1, 'dropdown', '', 0),
(0, 0, 'tags', 1, 0, 1, 'other', '6', 20),
(0, 0, 'title', 1, 1, 1, 'text', '', 50),
(0, 0, 'url_link_1', 1, 0, 1, 'url', '', 100),
(0, 0, 'url_link_2', 0, 0, 1, 'url', '', 100),
(0, 0, 'url_link_3', 0, 0, 1, 'url', '', 100),
(0, 0, 'zip', 1, 0, 1, 'text', '', 10),
(0, 12, 'addon_geographic_navigation_location', 1, 0, 1, 'other', '0', 0),
(0, 12, 'addon_pedigree_tree', 0, 0, 0, 'other', '', 0),
(0, 12, 'addon_storefront_display_link', 1, 0, 0, 'other', '0', 0),
(0, 12, 'address', 1, 0, 1, 'text', '', 50),
(0, 12, 'auction_start', 0, 0, 0, 'other', '', 0),
(0, 12, 'auction_time_left', 0, 0, 0, 'other', '', 0),
(0, 12, 'business_type', 0, 0, 0, 'other', '', 0),
(0, 12, 'city', 1, 0, 1, 'text', '', 20),
(0, 12, 'classified_start', 0, 0, 0, 'other', '', 0),
(0, 12, 'classified_time_left', 0, 0, 0, 'other', '', 0),
(0, 12, 'cost_options', 1, 0, 0, 'other', '10|10', 30),
(0, 12, 'country', 1, 0, 1, 'dropdown', '', 0),
(0, 12, 'description', 1, 1, 1, 'textarea', '', 2000),
(0, 12, 'email', 1, 0, 1, 'email', '', 0),
(0, 12, 'fax', 1, 0, 1, 'text', '', 14),
(0, 12, 'icons', 1, 0, 0, 'other', '', 0),
(0, 12, 'leveled_1_1', 0, 0, 0, 'other', '', 0),
(0, 12, 'leveled_1_2', 0, 0, 0, 'other', '', 0),
(0, 12, 'leveled_1_3', 0, 0, 0, 'other', '', 0),
(0, 12, 'leveled_2_1', 0, 0, 0, 'other', '', 0),
(0, 12, 'location_breadcrumb', 0, 0, 0, 'other', '', 0),
(0, 12, 'mapping_location', 1, 0, 1, 'text', '', 200),
(0, 12, 'num_bids', 0, 0, 0, 'other', '', 0),
(0, 12, 'optional_field_1', 0, 0, 1, 'text', '', 256),
(0, 12, 'optional_field_10', 0, 0, 1, 'text', '', 256),
(0, 12, 'optional_field_11', 0, 0, 1, 'text', '', 256),
(0, 12, 'optional_field_12', 0, 0, 1, 'text', '', 256),
(0, 12, 'optional_field_13', 0, 0, 1, 'text', '', 256),
(0, 12, 'optional_field_14', 0, 0, 1, 'text', '', 256),
(0, 12, 'optional_field_15', 0, 0, 1, 'text', '', 256),
(0, 12, 'optional_field_16', 0, 0, 1, 'text', '', 256),
(0, 12, 'optional_field_17', 0, 0, 1, 'text', '', 256),
(0, 12, 'optional_field_18', 0, 0, 1, 'text', '', 256),
(0, 12, 'optional_field_19', 0, 0, 1, 'text', '', 256),
(0, 12, 'optional_field_2', 0, 0, 1, 'text', '', 256),
(0, 12, 'optional_field_20', 0, 0, 1, 'text', '', 256),
(0, 12, 'optional_field_3', 0, 0, 1, 'text', '', 256),
(0, 12, 'optional_field_4', 0, 0, 1, 'text', '', 256),
(0, 12, 'optional_field_5', 0, 0, 1, 'text', '', 256),
(0, 12, 'optional_field_6', 0, 0, 1, 'text', '', 256),
(0, 12, 'optional_field_7', 0, 0, 1, 'text', '', 256),
(0, 12, 'optional_field_8', 0, 0, 1, 'text', '', 256),
(0, 12, 'optional_field_9', 0, 0, 1, 'text', '', 256),
(0, 12, 'payment_types', 1, 0, 1, 'other', '', 0),
(0, 12, 'phone_1', 1, 0, 1, 'text', '', 14),
(0, 12, 'phone_2', 1, 0, 1, 'text', '', 14),
(0, 12, 'photo', 0, 0, 0, 'other', '', 0),
(0, 12, 'price', 0, 0, 0, 'cost', '', 12),
(0, 12, 'region_level_1', 1, 0, 1, 'dropdown', '', 0),
(0, 12, 'region_level_2', 1, 0, 0, 'dropdown', '', 0),
(0, 12, 'region_level_3', 1, 0, 0, 'dropdown', '', 0),
(0, 12, 'show_contact_seller', 0, 0, 0, 'other', '', 0),
(0, 12, 'show_other_ads', 0, 0, 0, 'other', '', 0),
(0, 12, 'state', 1, 0, 1, 'dropdown', '', 0),
(0, 12, 'tags', 1, 0, 1, 'other', '6', 20),
(0, 12, 'title', 1, 1, 1, 'text', '', 50),
(0, 12, 'url_link_1', 1, 0, 1, 'url', '', 100),
(0, 12, 'url_link_2', 0, 0, 1, 'url', '', 100),
(0, 12, 'url_link_3', 0, 0, 1, 'url', '', 100),
(0, 12, 'zip', 1, 0, 1, 'text', '', 10),
(0, 16, 'addon_geographic_navigation_location', 1, 0, 1, 'other', '0', 0),
(0, 16, 'addon_pedigree_tree', 0, 0, 0, 'other', '', 0),
(0, 16, 'addon_storefront_display_link', 1, 0, 0, 'other', '0', 0),
(0, 16, 'address', 1, 0, 1, 'text', '', 50),
(0, 16, 'auction_start', 0, 0, 0, 'other', '', 0),
(0, 16, 'auction_time_left', 1, 0, 0, 'other', '', 0),
(0, 16, 'business_type', 1, 0, 0, 'other', '', 0),
(0, 16, 'city', 1, 0, 1, 'text', '', 20),
(0, 16, 'classified_start', 1, 0, 0, 'other', '', 0),
(0, 16, 'classified_time_left', 0, 0, 0, 'other', '', 0),
(0, 16, 'cost_options', 0, 0, 0, 'other', '0|0', 0),
(0, 16, 'country', 1, 0, 1, 'dropdown', '', 0),
(0, 16, 'description', 1, 1, 1, 'textarea', '', 2000),
(0, 16, 'email', 1, 0, 1, 'email', '', 150),
(0, 16, 'fax', 1, 0, 1, 'text', '', 14),
(0, 16, 'icons', 1, 0, 0, 'other', '', 0),
(0, 16, 'leveled_1_1', 0, 0, 0, 'other', '', 0),
(0, 16, 'leveled_1_2', 0, 0, 0, 'other', '', 0),
(0, 16, 'leveled_1_3', 0, 0, 0, 'other', '', 0),
(0, 16, 'leveled_2_1', 0, 0, 0, 'other', '', 0),
(0, 16, 'location_breadcrumb', 0, 0, 0, 'other', '', 0),
(0, 16, 'mapping_location', 1, 0, 1, 'text', '', 200),
(0, 16, 'num_bids', 1, 0, 0, 'other', '', 0),
(0, 16, 'optional_field_1', 0, 0, 1, 'text', '', 256),
(0, 16, 'optional_field_10', 0, 0, 1, 'text', '', 256),
(0, 16, 'optional_field_11', 0, 0, 1, 'text', '', 256),
(0, 16, 'optional_field_12', 0, 0, 1, 'text', '', 256),
(0, 16, 'optional_field_13', 0, 0, 1, 'text', '', 256),
(0, 16, 'optional_field_14', 0, 0, 1, 'text', '', 256),
(0, 16, 'optional_field_15', 0, 0, 1, 'text', '', 256),
(0, 16, 'optional_field_16', 0, 0, 1, 'text', '', 256),
(0, 16, 'optional_field_17', 0, 0, 1, 'text', '', 256),
(0, 16, 'optional_field_18', 0, 0, 1, 'text', '', 256),
(0, 16, 'optional_field_19', 0, 0, 1, 'text', '', 256),
(0, 16, 'optional_field_2', 0, 0, 1, 'text', '', 256),
(0, 16, 'optional_field_20', 0, 0, 1, 'cost', '', 256),
(0, 16, 'optional_field_3', 0, 0, 1, 'text', '', 256),
(0, 16, 'optional_field_4', 0, 0, 1, 'text', '', 256),
(0, 16, 'optional_field_5', 0, 0, 1, 'text', '', 256),
(0, 16, 'optional_field_6', 0, 0, 1, 'text', '', 256),
(0, 16, 'optional_field_7', 0, 0, 1, 'text', '', 256),
(0, 16, 'optional_field_8', 0, 0, 1, 'text', '', 256),
(0, 16, 'optional_field_9', 0, 0, 1, 'text', '', 256),
(0, 16, 'payment_types', 1, 0, 1, 'other', '', 0),
(0, 16, 'phone_1', 1, 0, 1, 'text', '', 14),
(0, 16, 'phone_2', 0, 0, 1, 'text', '', 14),
(0, 16, 'photo', 1, 0, 0, 'other', '', 0),
(0, 16, 'price', 1, 0, 1, 'cost', '', 12),
(0, 16, 'region_level_1', 1, 0, 1, 'dropdown', '', 0),
(0, 16, 'region_level_2', 1, 0, 0, 'dropdown', '', 0),
(0, 16, 'region_level_3', 1, 0, 0, 'dropdown', '', 0),
(0, 16, 'show_contact_seller', 0, 0, 0, 'other', '', 0),
(0, 16, 'show_other_ads', 0, 0, 0, 'other', '', 0),
(0, 16, 'state', 1, 0, 1, 'dropdown', '', 0),
(0, 16, 'tags', 1, 0, 1, 'other', '6', 20),
(0, 16, 'title', 1, 1, 1, 'text', '', 50),
(0, 16, 'url_link_1', 1, 0, 1, 'url', '', 100),
(0, 16, 'url_link_2', 0, 0, 1, 'url', '', 100),
(0, 16, 'url_link_3', 0, 0, 1, 'url', '', 100),
(0, 16, 'zip', 1, 0, 1, 'text', '', 10),
(0, 17, 'addon_geographic_navigation_location', 1, 0, 1, 'other', '0', 0),
(0, 17, 'addon_pedigree_tree', 0, 0, 0, 'other', '', 0),
(0, 17, 'addon_storefront_display_link', 1, 0, 0, 'other', '0', 0),
(0, 17, 'address', 0, 0, 0, 'text', '', 50),
(0, 17, 'auction_start', 0, 0, 0, 'other', '', 0),
(0, 17, 'auction_time_left', 0, 0, 0, 'other', '', 0),
(0, 17, 'business_type', 0, 0, 0, 'other', '', 0),
(0, 17, 'city', 1, 1, 1, 'text', '', 20),
(0, 17, 'classified_start', 0, 0, 0, 'other', '', 0),
(0, 17, 'classified_time_left', 0, 0, 0, 'other', '', 0),
(0, 17, 'cost_options', 1, 0, 0, 'other', '10|10', 30),
(0, 17, 'country', 0, 0, 0, 'dropdown', '', 0),
(0, 17, 'description', 1, 1, 1, 'textarea', '', 2000),
(0, 17, 'email', 1, 0, 1, 'email', '', 0),
(0, 17, 'fax', 0, 0, 0, 'text', '', 14),
(0, 17, 'icons', 1, 0, 0, 'other', '', 0),
(0, 17, 'leveled_1_1', 0, 0, 0, 'other', '', 0),
(0, 17, 'leveled_1_2', 0, 0, 0, 'other', '', 0),
(0, 17, 'leveled_1_3', 0, 0, 0, 'other', '', 0),
(0, 17, 'leveled_2_1', 0, 0, 0, 'other', '', 0),
(0, 17, 'location_breadcrumb', 0, 0, 0, 'other', '', 0),
(0, 17, 'mapping_location', 1, 0, 1, 'text', '', 200),
(0, 17, 'num_bids', 0, 0, 0, 'other', '', 0),
(0, 17, 'optional_field_1', 0, 0, 1, 'text', '', 256),
(0, 17, 'optional_field_10', 0, 0, 1, 'text', '', 256),
(0, 17, 'optional_field_11', 0, 0, 1, 'text', '', 256),
(0, 17, 'optional_field_12', 0, 0, 1, 'text', '', 256),
(0, 17, 'optional_field_13', 0, 0, 1, 'text', '', 256),
(0, 17, 'optional_field_14', 0, 0, 1, 'text', '', 256),
(0, 17, 'optional_field_15', 0, 0, 1, 'text', '', 256),
(0, 17, 'optional_field_16', 0, 0, 1, 'text', '', 256),
(0, 17, 'optional_field_17', 0, 0, 1, 'text', '', 256),
(0, 17, 'optional_field_18', 0, 0, 1, 'text', '', 256),
(0, 17, 'optional_field_19', 0, 0, 1, 'text', '', 256),
(0, 17, 'optional_field_2', 0, 0, 1, 'text', '', 256),
(0, 17, 'optional_field_20', 0, 0, 1, 'text', '', 256),
(0, 17, 'optional_field_3', 0, 0, 1, 'text', '', 256),
(0, 17, 'optional_field_4', 0, 0, 1, 'text', '', 256),
(0, 17, 'optional_field_5', 0, 0, 1, 'text', '', 256),
(0, 17, 'optional_field_6', 0, 0, 1, 'text', '', 256),
(0, 17, 'optional_field_7', 0, 0, 1, 'text', '', 256),
(0, 17, 'optional_field_8', 0, 0, 1, 'text', '', 256),
(0, 17, 'optional_field_9', 0, 0, 1, 'text', '', 256),
(0, 17, 'payment_types', 0, 0, 0, 'other', '', 0),
(0, 17, 'phone_1', 0, 0, 0, 'text', '', 14),
(0, 17, 'phone_2', 0, 0, 0, 'text', '', 14),
(0, 17, 'photo', 0, 0, 0, 'other', '', 0),
(0, 17, 'price', 0, 0, 0, 'cost', '', 12),
(0, 17, 'region_level_1', 1, 0, 1, 'dropdown', '', 0),
(0, 17, 'region_level_2', 1, 0, 0, 'dropdown', '', 0),
(0, 17, 'region_level_3', 1, 0, 0, 'dropdown', '', 0),
(0, 17, 'show_contact_seller', 0, 0, 0, 'other', '', 0),
(0, 17, 'show_other_ads', 0, 0, 0, 'other', '', 0),
(0, 17, 'state', 0, 0, 0, 'dropdown', '', 0),
(0, 17, 'tags', 0, 0, 1, 'other', '6', 20),
(0, 17, 'title', 1, 1, 1, 'text', '', 50),
(0, 17, 'url_link_1', 0, 0, 1, 'url', '', 100),
(0, 17, 'url_link_2', 0, 0, 1, 'url', '', 100),
(0, 17, 'url_link_3', 0, 0, 1, 'url', '', 100),
(0, 17, 'zip', 1, 1, 1, 'text', '', 10);

--
-- Dumping data for table `geodesic_field_locations`
--

INSERT INTO `geodesic_field_locations` (`group_id`, `category_id`, `field_name`, `display_location`) VALUES
(0, 0, 'photo', 'browsing'),
(0, 0, 'photo', 'search_results'),
(0, 0, 'photo', 'tags'),
(0, 0, 'title', 'browsing'),
(0, 0, 'title', 'search_fields'),
(0, 0, 'title', 'search_results'),
(0, 0, 'title', 'tags'),
(0, 0, 'description', 'browsing'),
(0, 0, 'description', 'search_fields'),
(0, 0, 'description', 'search_results'),
(0, 0, 'description', 'tags'),
(0, 0, 'tags', 'tags'),
(0, 0, 'tags', 'search_results'),
(0, 0, 'price', 'browsing'),
(0, 0, 'price', 'search_fields'),
(0, 0, 'price', 'search_results'),
(0, 0, 'price', 'tags'),
(0, 0, 'auction_time_left', 'browsing'),
(0, 0, 'auction_time_left', 'search_results'),
(0, 0, 'auction_time_left', 'tags'),
(0, 0, 'num_bids', 'browsing'),
(0, 0, 'num_bids', 'search_results'),
(0, 0, 'num_bids', 'tags'),
(0, 12, 'tags', 'browsing'),
(0, 12, 'tags', 'tags'),
(0, 12, 'tags', 'search_results'),
(0, 12, 'title', 'browsing'),
(0, 12, 'title', 'search_fields'),
(0, 12, 'title', 'search_results'),
(0, 12, 'title', 'tags'),
(0, 12, 'photo', 'browsing'),
(0, 12, 'photo', 'search_results'),
(0, 12, 'photo', 'tags'),
(0, 12, 'city', 'browsing'),
(0, 12, 'city', 'tags'),
(0, 12, 'state', 'browsing'),
(0, 12, 'state', 'search_fields'),
(0, 12, 'state', 'search_results'),
(0, 12, 'state', 'tags'),
(0, 12, 'description', 'search_fields'),
(0, 12, 'country', 'browsing'),
(0, 12, 'country', 'search_fields'),
(0, 12, 'country', 'search_results'),
(0, 12, 'country', 'tags'),
(0, 15, 'title', 'browsing'),
(0, 15, 'title', 'search_fields'),
(0, 15, 'title', 'search_results'),
(0, 15, 'title', 'tags'),
(0, 15, 'tags', 'browsing'),
(0, 15, 'tags', 'tags'),
(0, 15, 'tags', 'search_results'),
(0, 15, 'price', 'browsing'),
(0, 15, 'price', 'search_fields'),
(0, 15, 'price', 'search_results'),
(0, 15, 'price', 'tags'),
(0, 15, 'photo', 'browsing'),
(0, 15, 'photo', 'search_results'),
(0, 15, 'photo', 'tags'),
(0, 15, 'num_bids', 'browsing'),
(0, 15, 'num_bids', 'search_results'),
(0, 15, 'num_bids', 'tags'),
(0, 15, 'description', 'browsing'),
(0, 15, 'description', 'search_fields'),
(0, 15, 'description', 'search_results'),
(0, 15, 'description', 'tags'),
(0, 15, 'auction_time_left', 'browsing'),
(0, 15, 'auction_time_left', 'search_results'),
(0, 15, 'auction_time_left', 'tags'),
(0, 16, 'title', 'browsing'),
(0, 16, 'title', 'search_fields'),
(0, 16, 'title', 'search_results'),
(0, 16, 'title', 'tags'),
(0, 16, 'tags', 'browsing'),
(0, 16, 'tags', 'tags'),
(0, 16, 'tags', 'search_results'),
(0, 16, 'price', 'browsing'),
(0, 16, 'price', 'search_fields'),
(0, 16, 'price', 'search_results'),
(0, 16, 'price', 'tags'),
(0, 16, 'photo', 'browsing'),
(0, 16, 'photo', 'search_results'),
(0, 16, 'photo', 'tags'),
(0, 16, 'num_bids', 'browsing'),
(0, 16, 'num_bids', 'search_results'),
(0, 16, 'num_bids', 'tags'),
(0, 16, 'description', 'browsing'),
(0, 16, 'description', 'search_fields'),
(0, 16, 'description', 'search_results'),
(0, 16, 'description', 'tags'),
(0, 16, 'auction_time_left', 'browsing'),
(0, 16, 'auction_time_left', 'search_results'),
(0, 16, 'auction_time_left', 'tags'),
(0, 17, 'zip', 'browsing'),
(0, 17, 'zip', 'search_fields'),
(0, 17, 'zip', 'search_results'),
(0, 17, 'zip', 'tags'),
(0, 17, 'num_bids', 'search_results'),
(0, 17, 'city', 'browsing'),
(0, 17, 'city', 'search_fields'),
(0, 17, 'city', 'search_results'),
(0, 17, 'city', 'tags'),
(0, 17, 'auction_time_left', 'search_results'),
(0, 17, 'title', 'browsing'),
(0, 17, 'title', 'search_fields'),
(0, 17, 'title', 'search_results'),
(0, 17, 'title', 'tags'),
(0, 17, 'tags', 'browsing'),
(0, 17, 'tags', 'tags'),
(0, 17, 'tags', 'search_results'),
(0, 0, 'photo', 'module-featured_ads_1'),
(0, 0, 'title', 'module-featured_ads_1'),
(0, 0, 'description', 'module-featured_ads_1'),
(0, 0, 'price', 'module-featured_ads_1'),
(0, 0, 'auction_time_left', 'module-featured_ads_1'),
(0, 0, 'photo', 'module-featured_ads_2'),
(0, 0, 'title', 'module-featured_ads_2'),
(0, 0, 'price', 'module-featured_ads_2'),
(0, 0, 'classified_start', 'module-featured_ads_2'),
(0, 0, 'photo', 'module-featured_ads_3'),
(0, 0, 'title', 'module-featured_ads_3'),
(0, 0, 'description', 'module-featured_ads_3'),
(0, 0, 'photo', 'module-featured_ads_4'),
(0, 0, 'title', 'module-featured_ads_4'),
(0, 0, 'description', 'module-featured_ads_4'),
(0, 0, 'photo', 'module-featured_ads_5'),
(0, 0, 'title', 'module-featured_ads_5'),
(0, 0, 'description', 'module-featured_ads_5'),
(0, 0, 'photo', 'module-newest_ads_1'),
(0, 0, 'title', 'module-newest_ads_1'),
(0, 0, 'photo', 'module-newest_ads_2'),
(0, 0, 'title', 'module-newest_ads_2'),
(0, 0, 'description', 'module-newest_ads_2'),
(0, 0, 'title', 'module-module_featured_1_level_2'),
(0, 0, 'title', 'module-module_featured_2_level_2'),
(0, 0, 'title', 'module-module_featured_1_level_3'),
(0, 0, 'title', 'module-module_featured_2_level_3'),
(0, 0, 'title', 'module-module_featured_1_level_4'),
(0, 0, 'title', 'module-module_featured_2_level_4'),
(0, 0, 'title', 'module-module_featured_1_level_5'),
(0, 0, 'title', 'module-module_featured_2_level_5'),
(0, 0, 'photo', 'module-featured_category_1'),
(0, 0, 'title', 'module-featured_category_1'),
(0, 0, 'title', 'module-featured_category_2'),
(0, 0, 'photo', 'module-module_hottest_ads'),
(0, 0, 'title', 'module-module_hottest_ads'),
(0, 0, 'price', 'module-module_featured_pic_1'),
(0, 0, 'price', 'module-module_featured_pic_1_level_2'),
(0, 0, 'addon_geographic_navigation_location', 'search_fields'),
(0, 0, 'addon_storefront_display_link', 'browsing'),
(0, 16, 'city', 'browsing'),
(0, 16, 'classified_start', 'browsing'),
(0, 0, 'city', 'browsing'),
(0, 0, 'classified_start', 'browsing'),
(0, 16, 'price', 'addon-core_display-core_featured_gallery'),
(0, 310, 'title', 'browsing'),
(0, 310, 'title', 'tags'),
(0, 310, 'title', 'search_fields'),
(0, 310, 'title', 'search_results'),
(0, 310, 'title', 'module-module_hottest_ads'),
(0, 310, 'title', 'module-newest_ads_1'),
(0, 310, 'title', 'module-newest_ads_2'),
(0, 310, 'title', 'module-featured_ads_1'),
(0, 310, 'title', 'module-featured_ads_2'),
(0, 310, 'title', 'module-featured_ads_3'),
(0, 310, 'title', 'module-featured_ads_4'),
(0, 310, 'title', 'module-featured_ads_5'),
(0, 310, 'title', 'module-featured_category_1'),
(0, 310, 'title', 'module-featured_category_2'),
(0, 310, 'title', 'module-module_featured_1_level_2'),
(0, 310, 'title', 'module-module_featured_2_level_2'),
(0, 310, 'title', 'module-module_featured_1_level_3'),
(0, 310, 'title', 'module-module_featured_2_level_3'),
(0, 310, 'title', 'module-module_featured_1_level_4'),
(0, 310, 'title', 'module-module_featured_2_level_4'),
(0, 310, 'title', 'module-module_featured_1_level_5'),
(0, 310, 'title', 'module-module_featured_2_level_5'),
(0, 310, 'tags', 'tags'),
(0, 310, 'tags', 'search_results'),
(0, 310, 'price', 'browsing'),
(0, 310, 'price', 'tags'),
(0, 310, 'price', 'search_fields'),
(0, 310, 'price', 'search_results'),
(0, 310, 'price', 'module-featured_ads_1'),
(0, 310, 'price', 'module-featured_ads_2'),
(0, 310, 'price', 'module-module_featured_pic_1'),
(0, 310, 'price', 'module-module_featured_pic_1_level_2'),
(0, 310, 'price', 'addon-core_display-core_featured_gallery'),
(0, 310, 'photo', 'browsing'),
(0, 310, 'photo', 'tags'),
(0, 310, 'photo', 'search_results'),
(0, 310, 'photo', 'module-module_hottest_ads'),
(0, 310, 'photo', 'module-newest_ads_1'),
(0, 310, 'photo', 'module-newest_ads_2'),
(0, 310, 'photo', 'module-featured_ads_1'),
(0, 310, 'photo', 'module-featured_ads_2'),
(0, 310, 'photo', 'module-featured_ads_3'),
(0, 310, 'photo', 'module-featured_ads_4'),
(0, 310, 'photo', 'module-featured_ads_5'),
(0, 310, 'photo', 'module-featured_category_1'),
(0, 310, 'num_bids', 'browsing'),
(0, 310, 'num_bids', 'tags'),
(0, 310, 'num_bids', 'search_results'),
(0, 310, 'description', 'browsing'),
(0, 310, 'description', 'tags'),
(0, 310, 'description', 'search_fields'),
(0, 310, 'description', 'search_results'),
(0, 310, 'description', 'module-newest_ads_2'),
(0, 310, 'description', 'module-featured_ads_1'),
(0, 310, 'description', 'module-featured_ads_3'),
(0, 310, 'description', 'module-featured_ads_4'),
(0, 310, 'description', 'module-featured_ads_5'),
(0, 310, 'classified_start', 'browsing'),
(0, 310, 'classified_start', 'module-featured_ads_2'),
(0, 310, 'city', 'browsing'),
(0, 310, 'auction_time_left', 'browsing'),
(0, 310, 'auction_time_left', 'tags'),
(0, 310, 'auction_time_left', 'search_results'),
(0, 310, 'auction_time_left', 'module-featured_ads_1'),
(0, 310, 'addon_storefront_display_link', 'browsing'),
(0, 0, 'city', 'search_results'),
(0, 0, 'classified_start', 'search_results'),
(0, 0, 'price', 'addon-core_display-core_featured_gallery');

--
-- Dumping data for table `geodesic_file_types`
--

INSERT INTO `geodesic_file_types` (`file_type_id`, `name`, `mime_type`, `accept`, `icon_to_use`, `extension`) VALUES
(1, 'gif Image', 'image/gif', 1, '', 'gif'),
(2, 'jpeg Image', 'image/jpeg', 1, '', 'jpe'),
(3, 'jpeg Image', 'image/jpeg', 1, '', 'jpeg'),
(4, 'jpeg Image', 'image/jpeg', 1, '', 'jpg'),
(5, 'jpeg Image', 'image/pjpeg', 1, '', 'jpg'),
(6, 'bitmap (bmp) Image', 'image/x-mx-bmp', 1, '', 'bmp'),
(7, 'bitmap (bmp) Image', 'image/bmp', 1, '', 'bmp'),
(8, 'Portable Network Graphics (png) Image', 'image/x-png', 1, '', 'png'),
(9, 'Portable Network Graphics (png) Image', 'image/png', 1, '', 'png'),
(10, 'TIFF (tif) Image', 'image/tiff', 1, '', 'tif'),
(11, 'TIFF (tif) Image', 'image/tiff', 1, '', 'tiff'),
(12, 'MPEG File', 'video/mpeg', 2, 'images/filetype_icons/video_icon1.gif', 'mpg'),
(13, 'MPEG File', 'video/mpeg', 2, 'images/filetype_icons/video_icon1.gif', 'mpeg'),
(14, 'MPEG File', 'video/mpeg', 2, 'images/filetype_icons/video_icon1.gif', 'mpe'),
(15, 'MP2 File', 'video/mpeg', 2, 'images/filetype_icons/video_icon1.gif', 'mp2'),
(16, 'MP4 File', 'video/mp4', 2, 'images/filetype_icons/video_icon1.gif', 'mp4'),
(17, 'Quicktime Movie', 'video/quicktime', 2, 'images/filetype_icons/video_icon1.gif', 'mov'),
(18, 'Quicktime Movie', 'video/quicktime', 2, 'images/filetype_icons/video_icon1.gif', 'qt'),
(19, 'Windows Media File', 'video/x-ms-wmv', 2, 'images/filetype_icons/video_icon1.gif', 'wmv'),
(20, 'MP3 Format Sound', 'audio/mpeg', 2, 'images/filetype_icons/audio_icon1.gif', 'mp3'),
(21, 'MIDI Audio File', 'audio/midi', 2, 'images/filetype_icons/audio_icon1.gif', 'mid'),
(22, 'MIDI Audio File', 'audio/midi', 2, 'images/filetype_icons/audio_icon1.gif', 'midi'),
(23, 'PDF Document', 'application/pdf', 2, 'images/filetype_icons/pdf.gif', 'pdf'),
(24, 'Microsoft PowerPoint', 'application/vnd.ms-powerpoint', 2, 'images/filetype_icons/ms_powerpoint.gif', 'ppt'),
(25, 'Microsoft Word Document', 'application/msword', 2, 'images/filetype_icons/ms_word.gif', 'doc'),
(26, 'Excel Spreadsheet', 'application/vnd.ms-excel', 2, 'images/filetype_icons/ms_excel.gif', 'xls'),
(27, 'Excel Spreadsheet', 'application/excel', 2, 'images/filetype_icons/ms_excel.gif', 'xls'),
(28, 'Text File', 'text/plain', 2, 'images/filetype_icons/text_icon1.gif', 'txt'),
(29, 'Rich Text File', 'text/richtext', 2, 'images/filetype_icons/text_icon1.gif', 'rtx'),
(30, 'Rich Text File', 'text/rtf', 2, 'images/filetype_icons/text_icon1.gif', 'rtf');

--
-- Dumping data for table `geodesic_groups`
--

INSERT INTO `geodesic_groups` (`group_id`, `name`, `description`, `default_group`, `price_plan_id`, `auction_price_plan_id`, `registration_code`, `group_expires_into`, `registration_splash_code`, `place_an_ad_splash_code`, `sponsored_by_code`, `affiliate`, `storefront`, `restrictions_bitmask`, `allow_site_balance`, `what_fields_to_use`) VALUES
(1, 'General Group', 'This is the default User Group that all users registering without a ''code'' will be placed in.', 1, 1, 5, '', 0, '', '', '', 1, 1, 63, 1, 'site');


--
-- Dumping data for table `geodesic_logins`
--

INSERT INTO `geodesic_logins` (`id`, `username`, `password`, `hash_type`, `salt`, `status`, `api_token`) VALUES
(1, 'admin', '826f44975fef97d39a785be5f5e063452c2843ce', 'core:sha1', '', 1, '');

--
-- Dumping data for table `geodesic_master`
--

INSERT INTO `geodesic_master` (`setting`, `switch`) VALUES
('auctions', 'on'),
('classifieds', 'on'),
('site_fees', 'on');

--
-- Dumping data for table `geodesic_html_allowed`
--

INSERT INTO `geodesic_html_allowed` (`tag_id`, `tag_name`, `tag_status`, `display`, `replace_with`, `use_search_string`, `strongly_recommended`) VALUES
(1, 'applet', 1, 1, '', 1, 1),
(2, 'object', 1, 1, '', 1, 1),
(3, 'script', 1, 1, '', 1, 1),
(4, 'embed', 1, 1, '', 1, 1),
(5, 'form', 1, 1, '', 1, 1),
(6, 'img', 0, 1, '', 1, 0),
(7, 'a', 1, 1, '', 1, 1),
(8, 'b', 0, 1, '', 1, 0),
(9, 'br', 0, 1, '', 1, 0),
(10, 'blink', 1, 1, '', 1, 1),
(11, 'blockquote', 0, 1, '', 1, 0),
(12, 'area', 0, 1, '', 1, 0),
(13, 'font', 0, 1, '', 1, 0),
(14, 'center', 0, 1, '', 1, 0),
(15, 'frame', 1, 1, '', 1, 1),
(16, 'frameset', 1, 1, '', 1, 1),
(17, 'h1', 0, 1, '', 1, 0),
(18, 'h2', 0, 1, '', 1, 0),
(19, 'h3', 0, 1, '', 1, 0),
(20, 'h4', 0, 1, '', 1, 0),
(21, 'h5', 0, 1, '', 1, 0),
(22, 'h6', 0, 1, '', 1, 0),
(23, 'head', 0, 1, '', 1, 0),
(24, 'body', 0, 1, '', 1, 0),
(25, 'hr', 0, 1, '', 1, 0),
(26, 'html', 1, 1, '', 1, 1),
(27, 'i', 0, 1, '', 1, 0),
(28, 'iframe', 0, 1, '', 1, 0),
(29, 'map', 0, 1, '', 1, 0),
(30, 'marquee', 0, 1, '', 1, 0),
(31, 'menu', 0, 1, '', 1, 0),
(32, 'meta', 0, 1, '', 1, 0),
(33, 'multicol', 0, 1, '', 1, 0),
(34, 'ol', 0, 1, '', 1, 0),
(35, 'option', 0, 1, '', 1, 0),
(36, 'select', 0, 1, '', 1, 0),
(37, 'pre', 0, 1, '', 1, 0),
(38, 'server', 1, 1, '', 1, 1),
(39, 'style', 0, 1, '', 1, 0),
(40, 'textarea', 0, 1, '', 1, 0),
(41, 'table', 1, 1, '', 1, 1),
(42, 'tr', 1, 1, '', 1, 1),
(43, 'td', 1, 1, '', 1, 1),
(44, 'th', 1, 1, '', 1, 1),
(45, 'thead', 1, 1, '', 1, 1),
(46, 'title', 0, 1, '', 1, 0),
(47, 'u', 0, 1, '', 1, 0),
(48, 'ul', 0, 1, '', 1, 0),
(49, 'li', 0, 1, '', 1, 0),
(50, 'var', 0, 1, '', 1, 1),
(51, '<?', 0, 1, '', 0, 0),
(54, '$', 0, 1, '', 0, 0),
(55, '%', 0, 1, '', 0, 0),
(57, '!', 0, 1, '', 0, 0),
(58, '?>', 0, 1, '', 0, 0),
(59, 'div', 0, 1, '', 1, 1),
(60, 'p', 0, 1, '', 1, 0),
(61, 'span', 0, 1, '', 1, 0),
(62, 'strong', 0, 1, '', 1, 0),
(63, 'em', 0, 1, '', 1, 0);
--
-- Dumping data for table `geodesic_leveled_fields`
--

INSERT INTO `geodesic_leveled_fields` (`id`, `label`) VALUES
(1, 'Example%3A+Vehicle+Type'),
(2, 'make-model-trim');

--
-- Dumping data for table `geodesic_leveled_field_level`
--

INSERT INTO `geodesic_leveled_field_level` (`level`, `leveled_field`, `always_show`) VALUES
(1, 1, 'no'),
(2, 1, 'yes'),
(3, 1, 'yes');

--
-- Dumping data for table `geodesic_leveled_field_level_labels`
--

INSERT INTO `geodesic_leveled_field_level_labels` (`level`, `leveled_field`, `language_id`, `label`) VALUES
(1, 1, 1, 'Make'),
(2, 1, 1, 'Model'),
(3, 1, 1, 'Trim');


--
-- Dumping data for table `geodesic_leveled_field_value`
--

INSERT INTO `geodesic_leveled_field_value` (`id`, `leveled_field`, `parent`, `level`, `enabled`, `display_order`) VALUES
(1, 1, 0, 1, 'yes', 1),
(2, 1, 0, 1, 'yes', 2),
(3, 1, 0, 1, 'yes', 3),
(7, 1, 0, 1, 'yes', 7),
(8, 1, 0, 1, 'yes', 8),
(9, 1, 0, 1, 'yes', 9),
(25, 1, 1, 2, 'yes', 1),
(26, 1, 1, 2, 'yes', 2),
(27, 1, 1, 2, 'yes', 3),
(28, 1, 1, 2, 'yes', 4),
(29, 1, 1, 2, 'yes', 5),
(30, 1, 1, 2, 'yes', 6),
(31, 1, 1, 2, 'yes', 7),
(32, 1, 1, 2, 'yes', 8),
(33, 1, 1, 2, 'yes', 9),
(34, 1, 1, 2, 'yes', 10),
(35, 1, 1, 2, 'yes', 11),
(36, 1, 1, 2, 'yes', 12),
(37, 1, 1, 2, 'yes', 13),
(38, 1, 1, 2, 'yes', 14),
(39, 1, 1, 2, 'yes', 15),
(40, 1, 1, 2, 'yes', 16),
(41, 1, 25, 3, 'yes', 1),
(42, 1, 25, 3, 'yes', 2),
(43, 1, 25, 3, 'yes', 3),
(44, 1, 25, 3, 'yes', 4),
(45, 1, 26, 3, 'yes', 1),
(46, 1, 27, 3, 'yes', 1),
(47, 1, 27, 3, 'yes', 2),
(48, 1, 27, 3, 'yes', 3),
(49, 1, 28, 3, 'yes', 1),
(50, 1, 28, 3, 'yes', 2),
(51, 1, 29, 3, 'yes', 19),
(52, 1, 29, 3, 'yes', 16),
(53, 1, 29, 3, 'yes', 18),
(54, 1, 29, 3, 'yes', 13),
(55, 1, 29, 3, 'yes', 17),
(56, 1, 29, 3, 'yes', 9),
(57, 1, 29, 3, 'yes', 10),
(58, 1, 29, 3, 'yes', 11),
(59, 1, 29, 3, 'yes', 12),
(60, 1, 29, 3, 'yes', 14),
(61, 1, 29, 3, 'yes', 15),
(62, 1, 29, 3, 'yes', 1),
(63, 1, 29, 3, 'yes', 2),
(64, 1, 29, 3, 'yes', 3),
(65, 1, 29, 3, 'yes', 4),
(66, 1, 29, 3, 'yes', 5),
(67, 1, 29, 3, 'yes', 6),
(68, 1, 29, 3, 'yes', 7),
(69, 1, 29, 3, 'yes', 8),
(70, 1, 30, 3, 'yes', 1),
(71, 1, 30, 3, 'yes', 2),
(72, 1, 30, 3, 'yes', 3),
(73, 1, 30, 3, 'yes', 4),
(74, 1, 31, 3, 'yes', 1),
(75, 1, 31, 3, 'yes', 2),
(76, 1, 31, 3, 'yes', 3),
(77, 1, 31, 3, 'yes', 4),
(78, 1, 31, 3, 'yes', 5),
(79, 1, 31, 3, 'yes', 6),
(80, 1, 31, 3, 'yes', 7),
(81, 1, 31, 3, 'yes', 8),
(82, 1, 32, 3, 'yes', 1),
(83, 1, 32, 3, 'yes', 2),
(84, 1, 32, 3, 'yes', 3),
(85, 1, 32, 3, 'yes', 4),
(86, 1, 33, 3, 'yes', 1),
(87, 1, 33, 3, 'yes', 2),
(88, 1, 33, 3, 'yes', 3),
(89, 1, 34, 3, 'yes', 1),
(90, 1, 34, 3, 'yes', 2),
(91, 1, 34, 3, 'yes', 3),
(92, 1, 35, 3, 'yes', 1),
(93, 1, 35, 3, 'yes', 2),
(94, 1, 36, 3, 'yes', 1),
(95, 1, 37, 3, 'yes', 1),
(96, 1, 37, 3, 'yes', 2),
(97, 1, 37, 3, 'yes', 3),
(98, 1, 38, 3, 'yes', 1),
(99, 1, 38, 3, 'yes', 2),
(100, 1, 38, 3, 'yes', 3),
(101, 1, 38, 3, 'yes', 4),
(102, 1, 39, 3, 'yes', 1),
(103, 1, 40, 3, 'yes', 1),
(104, 1, 2, 2, 'yes', 1),
(105, 1, 2, 2, 'yes', 2),
(106, 1, 2, 2, 'yes', 3),
(107, 1, 2, 2, 'yes', 4),
(108, 1, 2, 2, 'yes', 5),
(109, 1, 2, 2, 'yes', 6),
(110, 1, 2, 2, 'yes', 7),
(111, 1, 2, 2, 'yes', 8),
(112, 1, 2, 2, 'yes', 9),
(113, 1, 2, 2, 'yes', 10),
(114, 1, 2, 2, 'yes', 11),
(115, 1, 2, 2, 'yes', 12),
(116, 1, 2, 2, 'yes', 13),
(117, 1, 2, 2, 'yes', 14),
(118, 1, 2, 2, 'yes', 15),
(119, 1, 2, 2, 'yes', 16),
(121, 1, 2, 2, 'yes', 18),
(122, 1, 2, 2, 'yes', 19),
(123, 1, 104, 3, 'yes', 1),
(124, 1, 104, 3, 'yes', 2),
(125, 1, 104, 3, 'yes', 3),
(126, 1, 105, 3, 'yes', 1),
(127, 1, 105, 3, 'yes', 2),
(128, 1, 105, 3, 'yes', 3),
(129, 1, 105, 3, 'yes', 4),
(130, 1, 106, 3, 'yes', 1),
(131, 1, 107, 3, 'yes', 1),
(132, 1, 107, 3, 'yes', 2),
(133, 1, 108, 3, 'yes', 1),
(134, 1, 109, 3, 'yes', 1),
(135, 1, 109, 3, 'yes', 2),
(136, 1, 109, 3, 'yes', 3),
(137, 1, 109, 3, 'yes', 4),
(138, 1, 109, 3, 'yes', 5),
(139, 1, 109, 3, 'yes', 6),
(140, 1, 109, 3, 'yes', 7),
(141, 1, 110, 3, 'yes', 1),
(142, 1, 110, 3, 'yes', 2),
(143, 1, 110, 3, 'yes', 3),
(144, 1, 110, 3, 'yes', 4),
(145, 1, 111, 3, 'yes', 1),
(146, 1, 111, 3, 'yes', 2),
(147, 1, 111, 3, 'yes', 3),
(148, 1, 111, 3, 'yes', 4),
(149, 1, 112, 3, 'yes', 1),
(150, 1, 112, 3, 'yes', 2),
(151, 1, 112, 3, 'yes', 3),
(152, 1, 112, 3, 'yes', 4),
(153, 1, 113, 3, 'yes', 1),
(154, 1, 113, 3, 'yes', 2),
(155, 1, 113, 3, 'yes', 3),
(156, 1, 113, 3, 'yes', 4),
(157, 1, 114, 3, 'yes', 1),
(158, 1, 114, 3, 'yes', 2),
(159, 1, 114, 3, 'yes', 3),
(160, 1, 114, 3, 'yes', 4),
(161, 1, 115, 3, 'yes', 1),
(162, 1, 115, 3, 'yes', 2),
(163, 1, 115, 3, 'yes', 3),
(164, 1, 115, 3, 'yes', 4),
(165, 1, 116, 3, 'yes', 1),
(166, 1, 116, 3, 'yes', 2),
(167, 1, 116, 3, 'yes', 3),
(168, 1, 116, 3, 'yes', 4),
(169, 1, 117, 3, 'yes', 1),
(170, 1, 117, 3, 'yes', 2),
(171, 1, 117, 3, 'yes', 3),
(172, 1, 117, 3, 'yes', 4),
(173, 1, 118, 3, 'yes', 1),
(174, 1, 118, 3, 'yes', 2),
(175, 1, 118, 3, 'yes', 3),
(176, 1, 118, 3, 'yes', 4),
(177, 1, 119, 3, 'yes', 1),
(178, 1, 121, 3, 'yes', 1),
(179, 1, 121, 3, 'yes', 2),
(180, 1, 121, 3, 'yes', 3),
(181, 1, 121, 3, 'yes', 4),
(182, 1, 121, 3, 'yes', 5),
(183, 1, 121, 3, 'yes', 6),
(184, 1, 121, 3, 'yes', 7),
(185, 1, 122, 3, 'yes', 1),
(186, 1, 122, 3, 'yes', 2),
(187, 1, 122, 3, 'yes', 3),
(188, 1, 122, 3, 'yes', 4),
(189, 1, 122, 3, 'yes', 5),
(190, 1, 122, 3, 'yes', 6),
(191, 1, 3, 2, 'yes', 1),
(192, 1, 3, 2, 'yes', 2),
(193, 1, 3, 2, 'yes', 3),
(194, 1, 3, 2, 'yes', 4),
(195, 1, 3, 2, 'yes', 5),
(196, 1, 3, 2, 'yes', 6),
(197, 1, 3, 2, 'yes', 7),
(198, 1, 3, 2, 'yes', 8),
(199, 1, 3, 2, 'yes', 9),
(200, 1, 3, 2, 'yes', 10),
(201, 1, 3, 2, 'yes', 11),
(202, 1, 3, 2, 'yes', 12),
(203, 1, 3, 2, 'yes', 13),
(204, 1, 3, 2, 'yes', 14),
(205, 1, 191, 3, 'yes', 1),
(206, 1, 191, 3, 'yes', 2),
(207, 1, 192, 3, 'yes', 1),
(208, 1, 193, 3, 'yes', 1),
(209, 1, 193, 3, 'yes', 2),
(210, 1, 193, 3, 'yes', 3),
(211, 1, 193, 3, 'yes', 4),
(212, 1, 194, 3, 'yes', 1),
(213, 1, 195, 3, 'yes', 1),
(214, 1, 196, 3, 'yes', 1),
(215, 1, 198, 3, 'yes', 1),
(216, 1, 199, 3, 'yes', 1),
(217, 1, 200, 3, 'yes', 1),
(218, 1, 201, 3, 'yes', 1),
(219, 1, 202, 3, 'yes', 1),
(220, 1, 203, 3, 'yes', 1),
(221, 1, 203, 3, 'yes', 2),
(222, 1, 203, 3, 'yes', 3),
(223, 1, 7, 2, 'yes', 1),
(224, 1, 7, 2, 'yes', 2),
(225, 1, 7, 2, 'yes', 3),
(226, 1, 223, 3, 'yes', 1),
(227, 1, 223, 3, 'yes', 2),
(228, 1, 224, 3, 'yes', 1),
(229, 1, 224, 3, 'yes', 2),
(230, 1, 224, 3, 'yes', 3),
(231, 1, 224, 3, 'yes', 4),
(232, 1, 224, 3, 'yes', 5),
(233, 1, 224, 3, 'yes', 6),
(234, 1, 224, 3, 'yes', 7),
(235, 1, 225, 3, 'yes', 1),
(236, 1, 225, 3, 'yes', 2),
(237, 1, 225, 3, 'yes', 3),
(238, 1, 225, 3, 'yes', 4),
(239, 1, 225, 3, 'yes', 5),
(240, 1, 225, 3, 'yes', 6),
(241, 1, 8, 2, 'yes', 1),
(242, 1, 8, 2, 'yes', 2),
(243, 1, 8, 2, 'yes', 3),
(244, 1, 8, 2, 'yes', 4),
(245, 1, 8, 2, 'yes', 5),
(246, 1, 8, 2, 'yes', 6),
(247, 1, 8, 2, 'yes', 7),
(248, 1, 8, 2, 'yes', 8),
(249, 1, 8, 2, 'yes', 9),
(250, 1, 8, 2, 'yes', 10),
(251, 1, 8, 2, 'yes', 11),
(252, 1, 8, 2, 'yes', 12),
(253, 1, 241, 3, 'yes', 1),
(254, 1, 241, 3, 'yes', 2),
(255, 1, 241, 3, 'yes', 3),
(256, 1, 242, 3, 'yes', 1),
(257, 1, 242, 3, 'yes', 2),
(258, 1, 242, 3, 'yes', 3),
(259, 1, 242, 3, 'yes', 4),
(260, 1, 243, 3, 'yes', 1),
(261, 1, 243, 3, 'yes', 2),
(262, 1, 243, 3, 'yes', 3),
(263, 1, 244, 3, 'yes', 1),
(264, 1, 244, 3, 'yes', 2),
(265, 1, 244, 3, 'yes', 3),
(266, 1, 244, 3, 'yes', 4),
(267, 1, 244, 3, 'yes', 5),
(268, 1, 244, 3, 'yes', 6),
(269, 1, 244, 3, 'yes', 7),
(270, 1, 245, 3, 'yes', 1),
(271, 1, 245, 3, 'yes', 2),
(272, 1, 245, 3, 'yes', 3),
(273, 1, 245, 3, 'yes', 4),
(274, 1, 246, 3, 'yes', 1),
(275, 1, 246, 3, 'yes', 2),
(276, 1, 246, 3, 'yes', 3),
(277, 1, 246, 3, 'yes', 4),
(278, 1, 246, 3, 'yes', 5),
(279, 1, 247, 3, 'yes', 1),
(280, 1, 248, 3, 'yes', 1),
(281, 1, 248, 3, 'yes', 2),
(282, 1, 248, 3, 'yes', 3),
(283, 1, 248, 3, 'yes', 4),
(284, 1, 248, 3, 'yes', 5),
(285, 1, 248, 3, 'yes', 6),
(286, 1, 248, 3, 'yes', 7),
(287, 1, 248, 3, 'yes', 8),
(288, 1, 248, 3, 'yes', 9),
(289, 1, 248, 3, 'yes', 10),
(290, 1, 248, 3, 'yes', 11),
(291, 1, 249, 3, 'yes', 1),
(292, 1, 250, 3, 'yes', 1),
(293, 1, 251, 3, 'yes', 1),
(294, 1, 251, 3, 'yes', 2),
(295, 1, 251, 3, 'yes', 3),
(296, 1, 252, 3, 'yes', 1),
(297, 1, 9, 2, 'yes', 1),
(298, 1, 9, 2, 'yes', 2),
(299, 1, 9, 2, 'yes', 3),
(300, 1, 9, 2, 'yes', 4),
(301, 1, 9, 2, 'yes', 5),
(302, 1, 9, 2, 'yes', 6),
(303, 1, 9, 2, 'yes', 7),
(304, 1, 9, 2, 'yes', 8),
(305, 1, 9, 2, 'yes', 9),
(306, 1, 9, 2, 'yes', 10),
(307, 1, 9, 2, 'yes', 11),
(308, 1, 9, 2, 'yes', 12),
(309, 1, 9, 2, 'yes', 13),
(310, 1, 9, 2, 'yes', 14),
(311, 1, 297, 3, 'yes', 1),
(312, 1, 297, 3, 'yes', 2),
(313, 1, 298, 3, 'yes', 1),
(314, 1, 298, 3, 'yes', 2),
(315, 1, 298, 3, 'yes', 3),
(316, 1, 298, 3, 'yes', 4),
(317, 1, 298, 3, 'yes', 5),
(318, 1, 298, 3, 'yes', 6),
(319, 1, 299, 3, 'yes', 1),
(320, 1, 299, 3, 'yes', 2),
(321, 1, 299, 3, 'yes', 3),
(322, 1, 299, 3, 'yes', 4),
(323, 1, 299, 3, 'yes', 5),
(324, 1, 299, 3, 'yes', 6),
(325, 1, 299, 3, 'yes', 7),
(326, 1, 299, 3, 'yes', 8),
(327, 1, 299, 3, 'yes', 9),
(328, 1, 299, 3, 'yes', 10),
(329, 1, 300, 3, 'yes', 1),
(330, 1, 300, 3, 'yes', 2),
(331, 1, 300, 3, 'yes', 3),
(332, 1, 300, 3, 'yes', 4),
(333, 1, 301, 3, 'yes', 1),
(334, 1, 301, 3, 'yes', 2),
(335, 1, 301, 3, 'yes', 3),
(336, 1, 301, 3, 'yes', 4),
(337, 1, 302, 3, 'yes', 1),
(338, 1, 302, 3, 'yes', 2),
(339, 1, 302, 3, 'yes', 3),
(340, 1, 302, 3, 'yes', 4),
(341, 1, 303, 3, 'yes', 1),
(342, 1, 304, 3, 'yes', 1),
(343, 1, 304, 3, 'yes', 2),
(344, 1, 304, 3, 'yes', 3),
(345, 1, 304, 3, 'yes', 4),
(346, 1, 304, 3, 'yes', 5),
(347, 1, 304, 3, 'yes', 6),
(348, 1, 304, 3, 'yes', 7),
(349, 1, 304, 3, 'yes', 8),
(350, 1, 305, 3, 'yes', 1),
(351, 1, 305, 3, 'yes', 2),
(352, 1, 305, 3, 'yes', 3),
(353, 1, 305, 3, 'yes', 4),
(354, 1, 306, 3, 'yes', 1),
(355, 1, 307, 3, 'yes', 1),
(356, 1, 307, 3, 'yes', 2),
(357, 1, 307, 3, 'yes', 3),
(358, 1, 307, 3, 'yes', 4),
(359, 1, 307, 3, 'yes', 5),
(360, 1, 307, 3, 'yes', 6),
(361, 1, 307, 3, 'yes', 7),
(362, 1, 307, 3, 'yes', 8),
(363, 1, 307, 3, 'yes', 9),
(364, 1, 308, 3, 'yes', 1),
(365, 1, 308, 3, 'yes', 2),
(366, 1, 308, 3, 'yes', 3),
(367, 1, 309, 3, 'yes', 1),
(368, 1, 309, 3, 'yes', 2),
(369, 1, 310, 3, 'yes', 1),
(370, 1, 310, 3, 'yes', 2);

--
-- Dumping data for table `geodesic_leveled_field_value_languages`
--

INSERT INTO `geodesic_leveled_field_value_languages` (`id`, `language_id`, `name`) VALUES
(1, 1, 'Acura'),
(2, 1, 'Audi'),
(3, 1, 'BMW'),
(7, 1, 'Chrysler'),
(8, 1, 'Dodge'),
(9, 1, 'Ford'),
(25, 1, 'CL'),
(26, 1, 'CL-X'),
(27, 1, 'CSX'),
(28, 1, 'EL'),
(29, 1, 'Integra'),
(30, 1, 'Legend'),
(31, 1, 'MDX'),
(32, 1, 'NSX'),
(33, 1, 'RDX'),
(34, 1, 'RL'),
(35, 1, 'RSX'),
(36, 1, 'SLX'),
(37, 1, 'TL'),
(38, 1, 'TSX'),
(39, 1, 'Vigor'),
(40, 1, 'ZDX'),
(41, 1, 'Type+S'),
(42, 1, '2.3'),
(43, 1, '3.0'),
(44, 1, '2.2'),
(45, 1, 'Concept'),
(46, 1, 'Automatic'),
(47, 1, 'Manual'),
(48, 1, 'Type-S'),
(49, 1, 'Premium'),
(50, 1, 'Sport'),
(51, 1, 'Type+R'),
(52, 1, 'GS-R'),
(53, 1, 'RS'),
(54, 1, '1.8'),
(55, 1, 'GS-R+Sedan'),
(56, 1, '1.6+Coupe'),
(57, 1, '1.6+Sedan'),
(58, 1, '1.7+Coupe'),
(59, 1, '1.7+Sedan'),
(60, 1, '1.8+Coupe'),
(61, 1, '1.8+Sedan'),
(62, 1, '1.5+3+Door'),
(63, 1, '1.5+3+Door+Automatic'),
(64, 1, '1.5+5+Door'),
(65, 1, '1.5+5+Door+Automatic'),
(66, 1, '1.6+3+Door'),
(67, 1, '1.6+3+Door+Automatic'),
(68, 1, '1.6+5+Door'),
(69, 1, '1.6+5+Door+Automatic'),
(70, 1, 'Automatic'),
(71, 1, 'Coupe+Automatic'),
(72, 1, 'Coupe'),
(73, 1, 'Sedan'),
(74, 1, 'Sport+Package'),
(75, 1, 'Tech+Package'),
(76, 1, 'Sport'),
(77, 1, 'Tech'),
(78, 1, 'V20'),
(79, 1, 'Touring+Package'),
(80, 1, 'Premium'),
(81, 1, 'Sport+Utility'),
(82, 1, '3.0'),
(83, 1, '3.2'),
(84, 1, 'GT'),
(85, 1, 'T+Twin+Turbo'),
(86, 1, 'SH-AWD'),
(87, 1, 'Automatic'),
(88, 1, 'Automatic+Tech+Package'),
(89, 1, 'Sedan'),
(90, 1, 'Technology'),
(91, 1, 'Tech+Package'),
(92, 1, 'Automatic'),
(93, 1, 'Type+S'),
(94, 1, 'Base+Package'),
(95, 1, 'SH-AWD+Automatic'),
(96, 1, 'SH-AWD+Automatic+Tech+Package'),
(97, 1, 'SH-AWD+Manual+Tech+Package'),
(98, 1, 'Sedan'),
(99, 1, 'Sedan+Special+Edition'),
(100, 1, 'Sedan+Special+Edition+Automatic'),
(101, 1, 'Sport+Wagon'),
(102, 1, 'Base+Package'),
(103, 1, 'Base+Package'),
(104, 1, '100'),
(105, 1, '200'),
(106, 1, '4000'),
(107, 1, '50'),
(108, 1, '5000'),
(109, 1, '80'),
(110, 1, '90'),
(111, 1, 'A1'),
(112, 1, 'A2'),
(113, 1, 'A3'),
(114, 1, 'A4'),
(115, 1, 'A5'),
(116, 1, 'A6'),
(117, 1, 'A7'),
(118, 1, 'A8'),
(119, 1, 'AD'),
(121, 1, 'Allroad'),
(122, 1, 'Coupe'),
(123, 1, 'Avant'),
(124, 1, '2.6'),
(125, 1, '4.2'),
(126, 1, 'Avant'),
(127, 1, 'Turbo+Quattro'),
(128, 1, 'Avant+2.1'),
(129, 1, 'Quattro+Transam+Racer'),
(130, 1, 'CS'),
(131, 1, '1.3'),
(132, 1, '1.1'),
(133, 1, 'Base+Package'),
(134, 1, '1.9+D'),
(135, 1, '2.0+E'),
(136, 1, '2.0+E+Quattro'),
(137, 1, '2.3+E'),
(138, 1, '2.8+E'),
(139, 1, 'Avant+TDI'),
(140, 1, 'TDI'),
(141, 1, 'Quattro'),
(142, 1, '2.0'),
(143, 1, '2.3'),
(144, 1, '1.6+D'),
(145, 1, '1.2'),
(146, 1, '1.4'),
(147, 1, '1.6+TDi'),
(148, 1, '2.0+TDi'),
(149, 1, '1.2'),
(150, 1, '1.4'),
(151, 1, '1.6+TDi'),
(152, 1, '2.0+TDi'),
(153, 1, '1.2'),
(154, 1, '1.4'),
(155, 1, '1.6+TDi'),
(156, 1, '2.0+TDi'),
(157, 1, '1.2'),
(158, 1, '1.4'),
(159, 1, '1.6+TDi'),
(160, 1, '2.0+TDi'),
(161, 1, '1.2'),
(162, 1, '1.4'),
(163, 1, '1.6+TDi'),
(164, 1, '2.0+TDi'),
(165, 1, '1.2'),
(166, 1, '1.4'),
(167, 1, '1.6+TDi'),
(168, 1, '2.0+TDi'),
(169, 1, '1.2'),
(170, 1, '1.4'),
(171, 1, '1.6+TDi'),
(172, 1, '2.0+TDi'),
(173, 1, '1.2'),
(174, 1, '1.4'),
(175, 1, '1.6+TDi'),
(176, 1, '2.0+TDi'),
(177, 1, 'Base+Package'),
(178, 1, '2.5+TDi+Quattro'),
(179, 1, '2.7+T+Quattro'),
(180, 1, '2.7+T+Quattro+Automatic'),
(181, 1, '3.2+FSi'),
(182, 1, '4.2+Quattro'),
(183, 1, '2.5+TDi+Quattro+Automatic'),
(184, 1, '2.7+T+Quattro+Tiptronic'),
(185, 1, '2.2'),
(186, 1, '2.8'),
(187, 1, '2.8+E+Automatic'),
(188, 1, '2.8+E+Quattro'),
(189, 1, '2.3'),
(190, 1, 'GT+5E'),
(191, 1, '840'),
(192, 1, '845'),
(193, 1, '850'),
(194, 1, '854'),
(195, 1, '856'),
(196, 1, 'Alpina'),
(197, 1, 'B7'),
(198, 1, 'Breyton'),
(199, 1, 'CLS'),
(200, 1, 'Compact'),
(201, 1, 'Touring'),
(202, 1, 'Turbo'),
(203, 1, 'Z9'),
(204, 1, 'Z9+Gran+Turismo+Convertible'),
(205, 1, 'Ci'),
(206, 1, 'Base+Package'),
(207, 1, 'Base+Package'),
(208, 1, 'Ci'),
(209, 1, 'CSi'),
(210, 1, 'Automatic'),
(211, 1, 'i+Automatic'),
(212, 1, 'Base+Package'),
(213, 1, 'Base+Package'),
(214, 1, 'B7'),
(215, 1, 'Kompressor'),
(216, 1, 'Base+Package'),
(217, 1, 'Base+Package'),
(218, 1, 'Base+Package'),
(219, 1, 'Prototype'),
(220, 1, 'Cabriolet'),
(221, 1, 'Convertible'),
(222, 1, 'Coupe'),
(223, 1, 'Dodge+Phoenix'),
(224, 1, 'Grand+Voyager'),
(225, 1, 'Pacifica'),
(226, 1, 'Base+Package'),
(227, 1, '6.3'),
(228, 1, '2.5+CRD'),
(229, 1, '2.8+CRD+Comfort'),
(230, 1, '3.3+LX'),
(231, 1, 'LTD+3.3+V6+AWD'),
(232, 1, 'SE+2.4'),
(233, 1, 'SE+2.4+Automatic'),
(234, 1, '2.8+CRD+Long+LX+Automatic'),
(235, 1, 'Limited'),
(236, 1, 'Limited+AWD'),
(237, 1, 'LX'),
(238, 1, 'LX+AWD'),
(239, 1, 'Touring'),
(240, 1, 'Touring+AWD'),
(241, 1, 'Challenger'),
(242, 1, 'Charger'),
(243, 1, 'Colt'),
(244, 1, 'Dakota'),
(245, 1, 'Durango'),
(246, 1, 'Grand+Caravan'),
(247, 1, 'Hemi+Super+8'),
(248, 1, 'Ram'),
(249, 1, 'Sidewinder'),
(250, 1, 'Venom'),
(251, 1, 'Viper'),
(252, 1, 'WC+51'),
(253, 1, 'R%2FT'),
(254, 1, 'SRT8'),
(255, 1, 'SXT'),
(256, 1, 'R%2FT'),
(257, 1, 'SE'),
(258, 1, 'SRT8'),
(259, 1, 'SXT'),
(260, 1, '1.5'),
(261, 1, '1.6'),
(262, 1, '2.0+Vista'),
(263, 1, 'Crew+Cab'),
(264, 1, 'Crew+Cab+4WD+TRX'),
(265, 1, 'Crew+Cab+4x4+Laramie'),
(266, 1, 'Crew+Cab+4x4+ST'),
(267, 1, 'Extended+Cab+4WD+ST'),
(268, 1, 'Extended+Cab+4x4+Laramie'),
(269, 1, 'Extended+Cab+4x4+TRX'),
(270, 1, 'Citadel'),
(271, 1, 'Crew'),
(272, 1, 'R%2FT'),
(273, 1, 'SXT'),
(274, 1, 'American+Value+Package'),
(275, 1, 'Crew'),
(276, 1, 'R%2FT'),
(277, 1, 'SXT'),
(278, 1, 'C%2FV'),
(279, 1, 'Concept'),
(280, 1, '1500+Crew+Cab'),
(281, 1, '1500+Crew+Cab+4x4+Laramie'),
(282, 1, '1500+Quad+Cab+4x4+Laramie'),
(283, 1, '1500+Quad+Cab+4x4+SLT+Short'),
(284, 1, '2500+Quad+Cab+4x4+Laramie'),
(285, 1, '3500+Mega+Cab+4x4+SLT'),
(286, 1, 'Pickup+1500+Laramie'),
(287, 1, 'Pickup+1500+Laramie+Longhorn+Edition'),
(288, 1, 'Pickup+1500+SLT'),
(289, 1, 'Pickup+1500+Sport'),
(290, 1, 'Pickup+1500+ST'),
(291, 1, 'Concept'),
(292, 1, 'Concept'),
(293, 1, 'SRT-10'),
(294, 1, 'SRT-10+Convertible'),
(295, 1, 'SRT-10+Coupe'),
(296, 1, 'Base+Package'),
(297, 1, 'Crown+Victoria'),
(298, 1, 'Escape'),
(299, 1, 'F-150'),
(300, 1, 'F-250'),
(301, 1, 'F-350'),
(302, 1, 'F-450'),
(303, 1, 'F-650'),
(304, 1, 'Focus'),
(305, 1, 'Fusion'),
(306, 1, 'GT'),
(307, 1, 'Mustang'),
(308, 1, 'Ranger'),
(309, 1, 'Shelby+GT+500'),
(310, 1, 'Windstar'),
(311, 1, 'LX'),
(312, 1, 'LX+Sport'),
(313, 1, 'Hybrid'),
(314, 1, 'Hybrid+Limited'),
(315, 1, 'Limited'),
(316, 1, 'XLS'),
(317, 1, 'XLS+Automatic'),
(318, 1, 'XLT'),
(319, 1, 'FX2'),
(320, 1, 'FX4'),
(321, 1, 'Harley-Davidson'),
(322, 1, 'King+Ranch'),
(323, 1, 'Lariat'),
(324, 1, 'Platinum'),
(325, 1, 'STX'),
(326, 1, 'SVT+Raptor'),
(327, 1, 'XL'),
(328, 1, 'XLT'),
(329, 1, 'Super+Duty+King+Ranch'),
(330, 1, 'Super+Duty+Lariat'),
(331, 1, 'Super+Duty+XL'),
(332, 1, 'Super+Duty+XLT'),
(333, 1, 'Super+Duty+King+Ranch'),
(334, 1, 'Super+Duty+Lariat'),
(335, 1, 'Super+Duty+XL'),
(336, 1, 'Super+Duty+XLT'),
(337, 1, 'SD+King+Ranch'),
(338, 1, 'SD+Lariat'),
(339, 1, 'SD+XL'),
(340, 1, 'SD+XLT'),
(341, 1, 'Super+Crew'),
(342, 1, 'Electric'),
(343, 1, 'S+Sedan'),
(344, 1, 'SE+Hatchback'),
(345, 1, 'SE+Sedan'),
(346, 1, 'SEL+Hatchback'),
(347, 1, 'SEL+Sedan'),
(348, 1, 'Titanium+Hatchback'),
(349, 1, 'Titanium+Sedan'),
(350, 1, 'Hybrid'),
(351, 1, 'SE'),
(352, 1, 'SEL'),
(353, 1, 'Sport'),
(354, 1, 'Coupe'),
(355, 1, 'Boss+302'),
(356, 1, 'GT+Convertible'),
(357, 1, 'GT+Coupe'),
(358, 1, 'GT+Premium+Convertible'),
(359, 1, 'GT+Premium+Coupe'),
(360, 1, 'V6+Convertible'),
(361, 1, 'V6+Coupe'),
(362, 1, 'V6+Premium+Convertible'),
(363, 1, 'V6+Premium+Coupe'),
(364, 1, 'SPORT'),
(365, 1, 'XL'),
(366, 1, 'XLT'),
(367, 1, 'Convertible'),
(368, 1, 'Coupe'),
(369, 1, '3.0'),
(370, 1, '3.8');

--
-- Dumping data for table `geodesic_payment_gateway`
--

INSERT INTO `geodesic_payment_gateway` (`name`, `gateway_type`, `display_order`, `enabled`, `default`, `group`) VALUES
('account_balance', 'account_balance', 12, 1, 0, 0),
('authorizenet', 'cc', 1, 0, 0, 0),
('beanstream', 'cc', 24, 0, 0, 0),
('cash', 'cash', 13, 1, 1, 0),
('cashu', 'cashu', 19, 0, 0, 0),
('check', 'check', 14, 0, 0, 0),
('commweb', 'commweb', 18, 0, 0, 0),
('epay_dk', 'epay_dk', 20, 0, 0, 0),
('internetsecure', 'internetsecure', 6, 0, 0, 0),
('linkpoint', 'cc', 2, 0, 0, 0),
('manual_payment', 'manual_payment', 16, 0, 0, 0),
('mollie', 'mollie', 22, 0, 0, 0),
('moneris', 'cc', 3, 0, 0, 0),
('money_order', 'money_order', 15, 0, 0, 0),
('netcash', 'netcash', 23, 0, 0, 0),
('netcash_com', 'netcash_com', 26, 0, 0, 0),
('nochex', 'nochex', 7, 0, 0, 0),
('payflow_pro', 'cc', 4, 0, 0, 0),
('paymentexpress', 'paymentexpress', 8, 0, 0, 0),
('paypal', 'paypal', 9, 0, 0, 0),
('paypal_advanced', '', 21, 0, 0, 0),
('paypal_pro', 'cc', 25, 0, 0, 0),
('payscape', 'cc', 5, 0, 0, 0),
('site_fee', 'site_fee', 17, 1, 0, 0),
('twocheckout', 'twocheckout', 10, 0, 0, 0),
('worldpay', 'worldpay', 11, 0, 0, 0);

INSERT INTO `geodesic_plan_item` (`order_item`, `price_plan`, `category`, `process_order`, `need_admin_approval`, `enabled`) VALUES
('additional_regions', 1, 0, 0, 0, 1),
('additional_regions', 5, 0, 0, 0, 1),
('addon_attention_getter', 1, 0, 0, 0, 1),
('addon_attention_getter', 5, 0, 0, 0, 1),
('auction', 1, 0, 0, 0, 1),
('auction', 5, 0, 0, 0, 1),
('auction_final_fees', 1, 0, 0, 0, 1),
('auction_final_fees', 5, 0, 0, 0, 1),
('auction_final_fees_tableDisplay', 1, 0, 0, 0, 1),
('auction_final_fees_tableDisplay', 5, 0, 0, 0, 1),
('classified', 1, 0, 0, 0, 1),
('classified', 5, 0, 0, 0, 1),
('custom_admin_fee', 1, 0, 0, 0, 1),
('custom_admin_fee', 5, 0, 0, 0, 1),
('idev_notify', 1, 0, 0, 0, 1),
('idev_notify', 5, 0, 0, 0, 1),
('images', 1, 0, 30, 0, 1),
('images', 5, 0, 30, 0, 1),
('listing_change_admin', 1, 0, 0, 0, 1),
('listing_change_admin', 5, 0, 0, 0, 1),
('listing_charge_by_word', 1, 0, 0, 0, 1),
('listing_charge_by_word', 5, 0, 0, 0, 1),
('listing_edit', 1, 0, 0, 0, 1),
('listing_edit', 5, 0, 0, 0, 1),
('listing_extra_better_placement', 1, 0, 0, 0, 1),
('listing_extra_better_placement', 5, 0, 0, 0, 1),
('listing_extra_bolding', 1, 0, 0, 0, 1),
('listing_extra_bolding', 5, 0, 0, 0, 1),
('listing_extra_featured_level1', 1, 0, 0, 0, 1),
('listing_extra_featured_level1', 5, 0, 0, 0, 1),
('listing_renew_upgrade', 1, 0, 0, 0, 1),
('listing_renew_upgrade', 5, 0, 0, 0, 1),
('offsite_videos', 1, 0, 35, 0, 1),
('offsite_videos', 5, 0, 35, 0, 1),
('pedigreeTreeInfo', 1, 0, 0, 0, 1),
('pedigreeTreeInfo', 5, 0, 0, 0, 1),
('recurring_payment_dataDisplay', 1, 0, 0, 0, 1),
('recurring_payment_dataDisplay', 5, 0, 0, 0, 1),
('seller_buyer_data', 1, 0, 0, 0, 1),
('seller_buyer_data', 5, 0, 0, 0, 1),
('storefront_category', 1, 0, 0, 0, 1),
('storefront_category', 5, 0, 0, 0, 1),
('storefront_subscription', 1, 0, 0, 0, 1),
('storefront_subscription', 5, 0, 0, 0, 1),
('subtotal_display', 1, 0, 0, 0, 1),
('subtotal_display', 5, 0, 0, 0, 1),
('tax', 1, 0, 0, 0, 1),
('tax', 5, 0, 0, 0, 1),
('tokens_purchase', 1, 0, 0, 0, 1),
('token_attach', 1, 0, 0, 0, 1),
('twitter_feed', 1, 0, 0, 0, 1),
('twitter_feed', 5, 0, 0, 0, 1),
('verify_account', 1, 0, 0, 0, 1),
('verify_account', 5, 0, 0, 0, 1);

INSERT INTO `geodesic_plan_item_registry` (`index_key`, `plan_item`, `val_string`, `val_text`, `val_complex`) VALUES
('max_uploads', 'images:1:0', '20', '', ''),
('max_uploads', 'images:5:0', '20', '', ''),
('minVideos', 'offsite_videos:1:0', '0', '', ''),
('maxVideos', 'offsite_videos:1:0', '2', '', ''),
('costPerVideo', 'offsite_videos:1:0', '0', '', ''),
('minVideos', 'offsite_videos:5:0', '0', '', ''),
('maxVideos', 'offsite_videos:5:0', '2', '', ''),
('costPerVideo', 'offsite_videos:5:0', '0', '', ''),
('_system_combine:combine', 'auction:0:0', 'all', '', ''),
('_system_combine:skip_cart', 'auction:0:0', '1', '', ''),
('_system_combine:combine', 'classified:0:0', 'all', '', ''),
('_system_combine:skip_cart', 'classified:0:0', '1', '', ''),
('periods', 'storefront_subscription:1:0', '', '', 'a%3A1%3A%7Bi%3A1%3Bi%3A1%3B%7D'),
('free_storefronts', 'storefront_subscription:1:0', '1', '', ''),
('periods', 'storefront_subscription:5:0', '', '', 'a%3A1%3A%7Bi%3A1%3Bi%3A1%3B%7D'),
('free_storefronts', 'storefront_subscription:5:0', '1', '', ''),
('paypal_allow_sb', 'seller_buyer_data:5:0', '1', '', '');

--
-- Dumping data for table `geodesic_registration_configuration`
--

INSERT INTO `geodesic_registration_configuration` (`use_registration_email2_field`, `require_registration_email2_field`, `use_registration_company_name_field`, `require_registration_company_name_field`, `use_registration_phone_field`, `require_registration_phone_field`, `use_registration_phone2_field`, `require_registration_phone2_field`, `use_registration_fax_field`, `require_registration_fax_field`, `use_registration_url_field`, `require_registration_url_field`, `use_registration_city_field`, `require_registration_city_field`, `use_registration_state_field`, `require_registration_state_field`, `use_registration_zip_field`, `require_registration_zip_field`, `use_registration_country_field`, `require_registration_country_field`, `use_registration_address_field`, `require_registration_address_field`, `use_registration_address2_field`, `require_registration_address2_field`, `use_registration_business_type_field`, `require_registration_business_type_field`, `use_user_agreement_field`, `use_registration_optional_1_field`, `require_registration_optional_1_field`, `require_registration_optional_1_field_dep`, `registration_optional_1_field_type`, `registration_optional_1_other_box`, `use_registration_optional_2_field`, `require_registration_optional_2_field`, `require_registration_optional_2_field_dep`, `registration_optional_2_field_type`, `registration_optional_2_other_box`, `use_registration_optional_3_field`, `require_registration_optional_3_field`, `require_registration_optional_3_field_dep`, `registration_optional_3_field_type`, `registration_optional_3_other_box`, `use_registration_optional_4_field`, `require_registration_optional_4_field`, `require_registration_optional_4_field_dep`, `registration_optional_4_field_type`, `registration_optional_4_other_box`, `use_registration_optional_5_field`, `require_registration_optional_5_field`, `require_registration_optional_5_field_dep`, `registration_optional_5_field_type`, `registration_optional_5_other_box`, `use_registration_optional_6_field`, `require_registration_optional_6_field`, `require_registration_optional_6_field_dep`, `registration_optional_6_field_type`, `registration_optional_6_other_box`, `use_registration_optional_7_field`, `require_registration_optional_7_field`, `require_registration_optional_7_field_dep`, `registration_optional_7_field_type`, `registration_optional_7_other_box`, `use_registration_optional_8_field`, `require_registration_optional_8_field`, `require_registration_optional_8_field_dep`, `registration_optional_8_field_type`, `registration_optional_8_other_box`, `use_registration_optional_9_field`, `require_registration_optional_9_field`, `require_registration_optional_9_field_dep`, `registration_optional_9_field_type`, `registration_optional_9_other_box`, `use_registration_optional_10_field`, `require_registration_optional_10_field`, `require_registration_optional_10_field_dep`, `registration_optional_10_field_type`, `registration_optional_10_other_box`, `use_registration_firstname_field`, `require_registration_firstname_field`, `use_registration_lastname_field`, `require_registration_lastname_field`, `firstname_maxlength`, `lastname_maxlength`, `company_name_maxlength`, `address_maxlength`, `address_2_maxlength`, `phone_maxlength`, `phone_2_maxlength`, `fax_maxlength`, `city_maxlength`, `zip_maxlength`, `url_maxlength`, `optional_1_maxlength`, `optional_2_maxlength`, `optional_3_maxlength`, `optional_4_maxlength`, `optional_5_maxlength`, `optional_6_maxlength`, `optional_7_maxlength`, `optional_8_maxlength`, `optional_9_maxlength`, `optional_10_maxlength`, `registration_optional_1_field_name`, `registration_optional_2_field_name`, `registration_optional_3_field_name`, `registration_optional_4_field_name`, `registration_optional_5_field_name`, `registration_optional_6_field_name`, `registration_optional_7_field_name`, `registration_optional_8_field_name`, `registration_optional_9_field_name`, `registration_optional_10_field_name`) VALUES
(0, 0, 1, 0, 1, 0, 1, 0, 1, 0, 1, 0, 1, 0, 1, 0, 1, 0, 1, 0, 1, 0, 1, 0, 1, 0, 1, 0, 0, 0, 0, 0, 0, 0, 1, 0, 0, 0, 0, 0, 0, 0, 0, 0, 0, 0, 0, 0, 0, 1, 0, 0, 0, 0, 1, 0, 0, 0, 0, 1, 0, 0, 0, 0, 1, 0, 0, 0, 0, 1, 0, 0, 0, 0, 1, 0, 1, 1, 0, 1, 0, 50, 50, 50, 50, 50, 50, 50, 50, 50, 12, 50, 50, 50, 50, 50, 50, 50, 50, 50, 50, 50, 'Reg Optional Field 1', 'Reg Optional Field 2', 'Reg Optional Field 3', 'Reg Optional Field 4', 'Reg Optional Field 5', 'Reg Optional Field 6', 'Reg Optional Field 7', 'Reg Optional Field 8', 'Reg Optional Field 9', 'Reg Optional Field 10');

--
-- Dumping data for table `geodesic_site_settings`
--

INSERT INTO `geodesic_site_settings` (`setting`, `value`) VALUES
('add_cost_at_top', '1'),
('add_nofollow_user_links', '1'),
('adminLandingPage', 'checklist'),
('admin_last_page_viewed', 'listing_photo_upload_settings'),
('admin_pass_hash', 'core:sha1'),
('advDesignMode', '1'),
('allow_copying_new_listing', '1'),
('allow_new_auctions', '1'),
('allow_new_classifieds', '1'),
('allow_proxy_bids', 'all'),
('archive_age', '0'),
('archive_listing_delay', '2592000'),
('auction_expire_email', '432000'),
('beta_switches_updated', '1'),
('browse_gallery_number_columns', '5'),
('browse_sort_dropdown_display', 'always'),
('bulk_revolve_period', '7'),
('bump_feature', '0'),
('cart_expire_user', '604800'),
('cat_alpha_across_columns', '0'),
('cat_browse_all_listings', '1'),
('cat_browse_end_today', '1'),
('cat_browse_has_pics', '1'),
('cat_browse_opts_as_ddl', '1'),
('classified_expire_email', '432000'),
('client_pass_hash', 'core:sha1'),
('codemirrorAutotab', '1'),
('codemirrorSearch', '1'),
('company_address', ''),
('cron_deadlock_time_limit', '1800'),
('cron_key', 'CMsEmq7bD1H'),
('date_field_format', 'l, F j, Y'),
('date_field_format_short', 'M j, Y'),
('default_auction_order_while_browsing', '0'),
('default_browse_view', 'list'),
('default_classified_order_while_browsing', '0'),
('default_communication_setting', '1'),
('default_display_order_while_browsing', '-1'),
('designManageWorkWith', 'default'),
('display_ad_description_where', '1'),
('display_all_tab_browsing', '1'),
('display_browse_view_link_gallery', '1'),
('display_browse_view_link_grid', '1'),
('display_browse_view_link_list', '1'),
('display_category_navigation', '1'),
('edit_auction_prices', '0'),
('email_convert_plain_to', 'html'),
('email_convert_url_to_link', '1'),
('email_restriction', 'blocked'),
('email_server_type', 'mail'),
('encode_search_terms', '1'),
('expired_cutoff', '0'),
('external_url_base', ''),
('forgot_password', '1'),
('friendly_site_name', ''),
('gallery_main_height', '500'),
('gallery_main_width', '500'),
('gallery_style', 'photoswipe'),
('gettingstarted_Configure Payment Gateways_isChecked', '1'),
('gettingstarted_Customize Recurring Billing User Agreements_isChecked', '1'),
('gettingstarted_Enable Common Addons: Email_isChecked', '1'),
('gettingstarted_Remove or Replace Example Banner Ads: Front Page_isChecked', '1'),
('gettingstarted_Remove or Replace Example Banner Ads: Listing Details Page_isChecked', '1'),
('gettingstarted_Set Company Name in Page Footer_isChecked', '1'),
('gettingstarted_Turn the site on_isChecked', '1'),
('hide_cents', '1'),
('hide_postcurrency', '1'),
('idev_path', '/'),
('info_edit_require_pass', '1'),
('invoice_remove_age', '31536000'),
('is_auctions', '1'),
('is_classifieds', '1'),
('jit_allow_user_pass', '1'),
('jit_registration', '1'),
('length_of_description', '500'),
('leveled_max_vals_per_page', '100'),
('listing_process_count_columns', '1'),
('maximum_thumb_height', '90'),
('maximum_thumb_width', '90'),
('max_pass_length', '50'),
('max_user_length', '50'),
('messages_age', '0'),
('min_pass_length', '6'),
('min_user_length', '6'),
('my_account_home_type', '1'),
('my_account_recently_sold_time', '30'),
('my_account_show_account_balance', '1'),
('my_account_show_auctions', '1'),
('my_account_show_classifieds', '1'),
('my_account_show_new_messages', '1'),
('my_account_show_recently_sold', '1'),
('my_account_table_rows', '5'),
('notify_seller_unsuccessful_auction', '1'),
('number_of_active_ads_to_display', '40'),
('number_of_feedbacks_to_display', '10'),
('optional_field_1_name', 'Color'),
('optional_field_2_name', 'Optional Field 2'),
('order_data_age', '31536000'),
('paypal_allow_sb', '1'),
('phone_format', '1'),
('phone_regex_piece1', '3'),
('phone_regex_piece2', '3'),
('phone_regex_piece3', '4'),
('populate_billing_info', '1'),
('public_questions_to_show', '5'),
('recurring_billing_data_age', '7776000'),
('region_select_build_down', '0'),
('registration_admin_email', 'geoproducts@mygeoproducts.com'),
('registration_use_region_level_1', '1'),
('registration_use_region_level_2', '1'),
('required_upgraded', '1'),
('send_ad_expire_email', '0'),
('send_ad_expire_frequency', '0'),
('send_register_complete_email_admin', '1'),
('send_register_complete_email_client', '1'),
('send_successful_placement_email', '1'),
('session_timeout_admin', '3600'),
('session_timeout_client', '3600'),
('show_category_head_element_in_details', '0'),
('site_email', 'geoproducts@mygeoproducts.com'),
('starting_image_title', 'filename'),
('startSlideshow', '1'),
('subscription_expire_period_notice', '61'),
('useCHMOD', '1'),
('useLightboxAnimations', '1'),
('useSlideshow', '1'),
('use_admin_wysiwyg', 'TinyMCE'),
('use_wysiwyg_compression', '1'),
('wysiwyg_css_uri', 'css/default.css');

--
-- Dumping data for table `geodesic_userdata`
--

INSERT INTO `geodesic_userdata` (`id`, `username`, `email`, `email2`, `newsletter`, `level`, `company_name`, `business_type`, `firstname`, `lastname`, `address`, `address_2`, `zip`, `city`, `state`, `country`, `phone`, `phone2`, `fax`, `url`, `date_joined`, `communication_type`, `feedback_score`, `feedback_count`, `feedback_positive_count`, `rate_sum`, `rate_num`, `optional_field_1`, `optional_field_2`, `optional_field_3`, `optional_field_4`, `optional_field_5`, `optional_field_6`, `optional_field_7`, `optional_field_8`, `optional_field_9`, `optional_field_10`, `affiliate_html`, `filter_id`, `expose_email`, `expose_company_name`, `expose_firstname`, `expose_lastname`, `expose_address`, `expose_city`, `expose_state`, `expose_country`, `expose_zip`, `expose_phone`, `expose_phone2`, `expose_fax`, `expose_url`, `expose_optional_1`, `expose_optional_2`, `expose_optional_3`, `expose_optional_4`, `expose_optional_5`, `expose_optional_6`, `expose_optional_7`, `expose_optional_8`, `expose_optional_9`, `expose_optional_10`, `account_balance`, `date_balance_negative`, `balance_freeze`, `feedback_icon`, `storefront_header`, `storefront_template_id`, `storefront_welcome_message`, `storefront_on_hold`, `storefront_home_link`, `storefront_traffic_processed_at`, `last_login_time`, `last_login_ip`, `verified`, `storefront_trials_used`) VALUES
(1, 'admin', 'admin@example.org', '', 0, 1, 'Geodesic Solutions', 0, 'admin', 'admin', 'address', '', 'zipcode', 'city', 'state', 'country', 'phone', '', 'fax', '', 0, 3, 0, 0, 0, 0, 0, '', '', '', '', '', '', '', '', '', '', '', 0, 0, 0, 0, 0, 0, 0, 0, 0, 0, 0, 0, 0, 0, 0, 0, 0, 0, 0, 0, 0, 0, 0, 0, 0.0000, 0, 0, '', '', 0, '', 1, '', 1164053097, '2006-11-21 17:53:07', '192.168.1.124', 'no', '');

--
-- Dumping data for table `geodesic_user_groups_price_plans`
--

INSERT INTO `geodesic_user_groups_price_plans` (`id`, `group_id`, `price_plan_id`, `auction_price_plan_id`) VALUES
(1, 1, 1, 5);

--
-- Dumping data for table `geodesic_version`
--

INSERT INTO `geodesic_version` (`db_version`) VALUES
('20.0.0');

